ancient,old,new,Galectin-4 (20ug/ml) Slide#: 13620 Cfg#2283 04/01/2011 V5.0 Alexa488 CMZ,Gal-4 (0.5ug/mL) Slide# 13116 CFG# 1440 08/26/2010 V4.2 Alexa488 CMZ,Gal-4 (5ug/mL) Slide# 13116 CFG# 1440 08/26/2010 V4.2 Alexa488 CMZ,Gal-4 (50ug/mL) Slide# 13116 CFG# 1440 08/26/2010 V4.2 Alexa488 CMZ,Gal-4 (100ug/mL) Slide# 13116 CFG# 1440 08/30/2010 V4.2 Alexa488 CMZ
Galα-Sp8,Gala-Sp8,Gala-Sp8,10.62885,16.4347,27.9964,34.198225,57.45705
Glcα-Sp8,Glca-Sp8,Glca-Sp8,9.12275,20.615875,14.1022,20.0055,15.447375
Manα-Sp8,Mana-Sp8,Mana-Sp8,49.749325,7.952575,6.990875,12.653825,18.045975
GalNAcα-Sp8,GalNAca-Sp8,GalNAca-Sp8,20.4285,10.0841,10.117775,17.66075,38.4538
GalNAcα-Sp15,Fuca-Sp8,GalNAca-Sp15,31.8049,12.05785,9.272225,11.217725,18.810325
Fucα-Sp8,Fuca-Sp9,Fuca-Sp8,16.282125,8.427175,4.5962,12.229875,14.94355
Fucα-Sp9,Rha-Sp8,Fuca-Sp9,9.51085,25.4624,7.849775,26.177575,19.047475
Rhaα-Sp8,Neu5Aca-Sp8,Rhaa-Sp8,20.15915,15.661,15.26305,16.1681,58.184
Neu5Acα-Sp8,Neu5Aca-Sp11,Neu5Aca-Sp8,51.48545,9.882,8.102325,3.011975,18.525275
Neu5Acα-Sp11,Neu5Acb-Sp8,Neu5Aca-Sp11,26.1144,11.619225,13.240925,9.711275,17.45425
Neu5Acβ-Sp8,Galb-Sp8,Neu5Acb-Sp8,27.311875,5.727225,12.395925,20.64485,18.7648
Galβ-Sp8,Glcb-Sp8,Galb-Sp8,18.88895,12.7227,11.939525,14.250125,29.177275
Glcβ-Sp8,Manb-Sp8,Glcb-Sp8,7.448475,20.1074,16.231775,53.7607,95.207175
Manβ-Sp8,GalNAcb-Sp8,Manb-Sp8,15.378625,5.6764,8.1197,31.3381,13.7108
GalNAcβ-Sp8,GlcNAcb-Sp0,GalNAcb-Sp8,53.09485,19.2828,5.379775,20.565975,41.567425
GlcNAcβ-Sp0,GlcNAcb-Sp8,GlcNAcb-Sp0,37.14335,18.2359,16.606025,31.5752,68.24595
GlcNAcβ-Sp8,,GlcNAcb-Sp8,10.8815,14.80225,7.421425,47.79955,119.39475
GlcN(Gc)β-Sp8,GlcN(Gc)b-Sp8,GlcN(Gc)b-Sp8,22.539525,10.8708,7.353075,11.846425,25.424575
Galβ1-4GlcNAcβ1-3(Galβ1-4GlcNAcβ1-6)GalNAcα-Sp8,Galb1-4GlcNAcb1-3(Galb1-4GlcNAcb1-6)GalNAca-Sp8,Galb1-4GlcNAcb1-6(Galb1-4GlcNAcb1-3)GalNAca-Sp8,20.17965,10.530925,10.201725,40.198125,2128.3071
,,Galb1-4GlcNAcb1-6(Galb1-4GlcNAcb1-3)GalNAc-Sp14,15.896225,,,,
GlcNAcβ1-3(GlcNAcβ1-4)(GlcNAcβ1-6)GlcNAc-Sp8,GlcNAcb1-3(GlcNAcb1-4)(GlcNAcb1-6)GlcNAc-Sp8,GlcNAcb1-6(GlcNAcb1-4)(GlcNAcb1-3)GlcNAc-Sp8,7.793075,20.876225,6.66725,15.052275,166.050725
[3OSO3][6OSO3]Galβ1-4[6OSO3]GlcNAcβ-Sp0,[3OSO3][6OSO3]Galb1-4[6OSO3]GlcNAcb-Sp0,6S(3S)Galb1-4(6S)GlcNAcb-Sp0,22.183125,24.27565,6.3553,19.7701,1.457675
[3OSO3][6OSO3]Galβ1-4GlcNAcβ-Sp0,[3OSO3][6OSO3]Galb1-4GlcNAcb-Sp0,6S(3S)Galb1-4GlcNAcb-Sp0,27.295825,6.499975,4.83765,8.13195,21.051925
[3OSO3]Galβ1-4(Fucα1-3)[6OSO3]Glc-Sp0,[3OSO3]Galb1-4(Fuca1-3)[6OSO3]Glc-Sp0,(3S)Galb1-4(Fuca1-3)(6S)Glc-Sp0,21.413325,10.593225,21.78795,91.2098,283.506725
[3OSO3]Galβ1-4Glcβ-Sp8,[3OSO3]Galb1-4Glcb-Sp8,(3S)Galb1-4Glcb-Sp8,91.3963,15.4223,78.1505,1800.50965,7023.2725
[3OSO3]Galβ1-4[6OSO3]Glcβ-Sp0,[3OSO3]Galb1-4[6OSO3]Glcb-Sp0,(3S)Galb1-4(6S)Glcb-Sp0,642.21645,77.278,356.53045,5156.8722,11554.73472
[3OSO3]Galβ1-4[6OSO3]Glcβ-Sp8,[3OSO3]Galb1-4[6OSO3]Glcb-Sp8,(3S)Galb1-4(6S)Glcb-Sp8,500.594575,82.3551,702.084425,6350.2026,14385.04023
[3OSO3]Galβ1-3(Fucα1-4)GlcNAcβ-Sp8,[3OSO3]Galb1-3(Fuca1-4)GlcNAcb-Sp8,(3S)Galb1-3(Fuca1-4)GlcNAcb-Sp8,15.052575,10.0174,4.1249,13.14105,11.53325
[3OSO3]Galβ1-3GalNAcα-Sp8,[3OSO3]Galb1-3GalNAca-Sp8,(3S)Galb1-3GalNAca-Sp8,265.622125,18.4486,364.25815,9822.15385,30831.86823
[3OSO3]Galβ1-3GlcNAcβ-Sp0,[3OSO3]Galb1-3GlcNAcb-Sp8,(3S)Galb1-3GlcNAcb-Sp0,98.245625,27.895975,127.252925,4161.277875,12535.3159
[3OSO3]Galβ1-3GlcNAcβ-Sp8,,(3S)Galb1-3GlcNAcb-Sp8,279.5024,10.77005,106.784075,3241.8726,8597.887325
[3OSO3]Galβ1-4(Fucα1-3)GlcNAc-Sp0,[3OSO3]Galb1-4(Fuca1-3)GlcNAc-Sp0 ,(3S)Galb1-4(Fuca1-3)GlcNAc-Sp0 ,11.7992,13.80895,26.0452,16.2894,35.52415
[3OSO3]Galβ1-4(Fucα1-3)GlcNAcβ-Sp8,[3OSO3]Galb1-4(Fuca1-3)GlcNAcb-Sp8,(3S)Galb1-4(Fuca1-3)GlcNAc-Sp8,25.567725,20.415275,3.325425,11.06165,19.119025
[3OSO3]Galβ1-4[6OSO3]GlcNAcβ-Sp0,[3OSO3]Galb1-4[6OSO3]GlcNAcb-Sp0,(3S)Galb1-4(6S)GlcNAcb-Sp0,282.699825,11.45345,52.30085,1758.2017,4205.26945
[3OSO3]Galβ1-4[6OSO3]GlcNAcβ-Sp8,[3OSO3]Galb1-4[6OSO3]GlcNAcb-Sp8,(3S)Galb1-4(6S)GlcNAcb-Sp8,371.746025,16.2235,32.2464,2228.996325,5746.4484
[3OSO3]Galβ1-4GlcNAcβ-Sp0,[3OSO3]Galb1-4GlcNAcb-Sp0,(3S)Galb1-4GlcNAcb-Sp0,63.694375,7.952175,22.451975,302.11155,1573.1317
[3OSO3]Galβ1-4GlcNAcβ-Sp8,[3OSO3]Galb1-4GlcNAcb-Sp8,(3S)Galb1-4GlcNAcb-Sp8,19.81515,7.9551,22.170525,562.081325,1804.255275
[3OSO3]Galβ-Sp8,[3OSO3]Galb-Sp8,(3S)Galb-Sp8,17.3455,8.632775,9.508975,6.6292,13.3753
[4OSO3][6OSO3]Galβ1-4GlcNAcβ-Sp0,[4OSO3][6OSO3]Galb1-4GlcNAcb-Sp0,(6S)(4S)Galb1-4GlcNAcb-Sp0,6.01275,12.80285,22.412,24.978625,-1.08055
[4OSO3]Galβ1-4GlcNAcβ-Sp8,[4OSO3]Galb1-4GlcNAcb-Sp8,(4S)Galb1-4GlcNAcb-Sp8,21.652875,0.771625,15.087,19.86185,7.565825
6-H2PO3Manα-Sp8,6-H2PO3Mana-Sp8,(6P)Mana-Sp8,12.897975,10.327075,7.24865,13.678575,48.93525
[6OSO3]Galβ1-4Glcβ-Sp0,[6OSO3]Galb1-4Glcb-Sp0,(6S)Galb1-4Glcb-Sp0,11.43675,10.734875,12.679325,15.20545,5.574
[6OSO3]Galβ1-4Glcβ-Sp8,[6OSO3]Galb1-4Glcb-Sp8,(6S)Galb1-4Glcb-Sp8,23.20175,14.827425,16.476925,21.150375,19.858725
[6OSO3]Galβ1-4GlcNAcβ-Sp8,[6OSO3]Galb1-4GlcNAcb-Sp8,(6S)Galb1-4GlcNAcb-Sp8,11.905275,16.19365,9.551875,5.020575,4.707325
[6OSO3]Galβ1-4[6OSO3]Glcβ-Sp8,[6OSO3]Galb1-4[6OSO3]Glcb-Sp8,(6S)Galb1-4(6S)Glcb-Sp8,15.31855,14.904725,7.55495,29.55635,55.089325
Neu5Acα2-3[6OSO3]Galβ1-4GlcNAcβ-Sp8,Neu5Aca2-3[6OSO3]Galb1-4GlcNAcb-Sp8,Neu5Aca2-3(6S)Galb1-4GlcNAcb-Sp8,11.259075,15.347325,13.192425,21.7545,25.4866
[6OSO3]GlcNAcβ-Sp8,[6OSO3]GlcNAcb-Sp8,(6S)GlcNAcb-Sp8,9.6174,10.260775,9.7431,10.029125,14.8093
[9NAc]Neu5Acα-Sp8,Neu5Ac(9Ac)a-Sp8,"Neu5,9Ac2a-Sp8",9.0192,0.825525,0.99615,1.750325,-6.925075
[9NAc]Neu5Acα2-6Galβ1-4GlcNAcβ-Sp8,Neu5Ac(9Ac)a2-6Galb1-4GlcNAcb-Sp8,"Neu5,9Ac2a2-6Galb1-4GlcNAcb-Sp8",7.835475,4.526775,2.085075,13.165275,44.04885
Manα1-3(Manα1-6)Manβ1-4GlcNAcβ1-4GlcNAcβ-Sp12,Mana1-3(Mana1-6)Manb1-4GlcNAcb1-4GlcNAcb-Sp12,Mana1-6(Mana1-3)Manb1-4GlcNAcb1-4GlcNAcb-Sp12,5.019125,7.372725,16.05605,6.574,20.5943
Manα1-3(Manα1-6)Manβ1-4GlcNAcβ1-4GlcNAcβ-Sp13,Mana1-3(Mana1-6)Manb1-4GlcNAcb1-4GlcNAcb-Sp13,Mana1-6(Mana1-3)Manb1-4GlcNAcb1-4GlcNAcb-Sp13,3.864975,8.68645,9.576825,8.47505,18.43015
GlcNAcβ1-2Manα1-3(GlcNAcβ1-2Manα1-6)Manβ1-4GlcNAcβ1-4GlcNAcβ-Sp12,GlcNAcb1-2Mana1-3(GlcNAcb1-2Mana1-6)Manb1-4GlcNAcb1-4GlcNAcb-Sp13,GlcNAcb1-2Mana1-6(GlcNAcb1-2Mana1-3)Manb1-4GlcNAcb1-4GlcNAcb-Sp12,1.815725,6.0248,-0.579875,29.1735,11.405375
GlcNAcβ1-2Manα1-3(GlcNAcβ1-2Manα1-6)Manβ1-4GlcNAcβ1-4GlcNAcβ-Sp13,,GlcNAcb1-2Mana1-6(GlcNAcb1-2Mana1-3)Manb1-4GlcNAcb1-4GlcNAcb-Sp13,7.061725,7.32755,4.038675,3.528825,4.43925
Galβ1-4GlcNAcβ1-2Manα1-3(Galβ1-4GlcNAcβ1-2Manα1-6)Manβ1-4GlcNAcβ1-4GlcNAcβ-Sp12,Galb1-4GlcNAcb1-2Mana1-3(Galb1-4GlcNAcb1-2Mana1-6)Manb1-4GlcNAcb1-4GlcNAcb-Sp12,Galb1-4GlcNAcb1-2Mana1-6(Galb1-4GlcNAcb1-2Mana1-3)Manb1-4GlcNAcb1-4GlcNAcb-Sp12,6.49225,4.243275,3.559375,17.0814,48.071625
Neu5Acα2-6Galβ1-4GlcNAcβ1-2Manα1-3(Neu5Acα2-6Galβ1-4GlcNAcβ1-2Manα1-6)Manβ1-4GlcNAcβ1-4GlcNAcβ-N(LT)AVL,Neu5Aca2-6Galb1-4GlcNAcb1-2Mana1-3(Neu5Aca2-6Galb1-4GlcNAcb1-2Mana1-6)Manb1-4GlcNAcb1-4GlcNAcb-N(LT)AVL,Neu5Aca2-6Galb1-4GlcNAcb1-2Mana1-6(Neu5Aca2-6Galb1-4GlcNAcb1-2Mana1-3)Manb1-4GlcNAcb1-4GlcNAcb-Sp12,8.53095,21.324125,40.797075,45.054925,86.77955
Neu5Acα2-6Galβ1-4GlcNAcβ1-2Manα1-3(Neu5Acα2-6Galβ1-4GlcNAcβ1-2Manα1-6)Manβ1-4GlcNAcβ1-4GlcNAcβ-Sp8,Neu5Aca2-6Galb1-4GlcNAcb1-2Mana1-3(Neu5Aca2-6Galb1-4GlcNAcb1-2Mana1-6)Manb1-4GlcNAcb1-4GlcNAcb-Sp8,Neu5Aca2-6Galb1-4GlcNAcb1-2Mana1-6(Neu5Aca2-6Galb1-4GlcNAcb1-2Mana1-3)Manb1-4GlcNAcb1-4GlcNAcb-Sp13,11.731775,13.3576,2.812525,20.304775,14.3187
Neu5Acα2-6Galβ1-4GlcNAcβ1-2Manα1-3(Neu5Acα2-6Galβ1-4GlcNAcβ1-2Manα1-6)Manβ1-4GlcNAcβ1-4GlcNAcβ-Sp12,Neu5Aca2-6Galb1-4GlcNAcb1-2Mana1-3(Neu5Aca2-6Galb1-4GlcNAcb1-2Mana1-6)Manb1-4GlcNAcb1-4GlcNAcb-Sp12,Neu5Aca2-6Galb1-4GlcNAcb1-2Mana1-6(Neu5Aca2-6Galb1-4GlcNAcb1-2Man-a1-3)Manb1-4GlcNAcb1-4GlcNAcb-Sp21,13.072125,17.555825,12.862625,25.33005,29.3556
Neu5Acα2-6Galβ1-4GlcNAcβ1-2Manα1-3(Neu5Acα2-6Galβ1-4GlcNAcβ1-2Manα1-6)Manβ1-4GlcNAcβ1-4GlcNAcβ-Sp13,Neu5Aca2-6Galb1-4GlcNAcb1-2Mana1-3(Neu5Aca2-6Galb1-4GlcNAcb1-2Mana1-6)Manb1-4GlcNAcb1-4GlcNAcb-Sp13,Neu5Aca2-6Galb1-4GlcNAcb1-2Mana1-6(Neu5Aca2-6Galb1-4GlcNAcb1-2Mana1-3)Manb1-4GlcNAcb1-4GlcNAcb-Sp24,9.2182,3.835925,9.194,9.7628,28.563525
Fucα1-2Galβ1-3GalNAcβ1-3Galα-Sp9,Fuca1-2Galb1-3GalNAcb1-3Gala-Sp9,Fuca1-2Galb1-3GalNAcb1-3Gala-Sp9,7.800575,3.54765,5.2156,5.0714,11.7754
Fucα1-2Galβ1-3GalNAcβ1-3Galα1-4Galβ1-4Glcβ-Sp9,Fuca1-2Galb1-3GalNAcb1-3Gala1-4Galb1-4Glcb-Sp9,Fuca1-2Galb1-3GalNAcb1-3Gala1-4Galb1-4Glcb-Sp9,8.661225,2.243025,16.174475,19.43305,136.58975
Fucα1-2Galβ1-3(Fucα1-4)GlcNAcβ-Sp8,Fuca1-2Galb1-3(Fuca1-4)GlcNAcb-Sp8,Fuca1-2Galb1-3(Fuca1-4)GlcNAcb-Sp8,8.840275,4.638275,31.0786,155.64755,1130.7013
Fucα1-2Galβ1-3GalNAcα-Sp8,Fuca1-2Galb1-3GalNAca-Sp8,Fuca1-2Galb1-3GalNAca-Sp8,12.086475,8.320275,7.72115,59.584175,47.471075
Fucα1-2Galβ1-3GalNAcα-Sp14,Fuca1-2Galb1-3GalNAca-Sp14,Fuca1-2Galb1-3GalNAca-Sp14,14.273775,8.80305,5.2729,8.47405,129.813875
Fucα1-2Galβ1-3GalNAcβ1-4(Neu5Acα2-3)Galβ1-4Glcβ-Sp0,Fuca1-2Galb1-3GalNAcb1-4(Neu5Aca2-3)Galb1-4Glcb-Sp0,Fuca1-2Galb1-3GalNAcb1-4(Neu5Aca2-3)Galb1-4Glcb-Sp0,12.848875,3.87625,4.490875,7.95695,126.384125
Fucα1-2Galβ1-3GalNAcβ1-4(Neu5Acα2-3)Galβ1-4Glcβ-Sp9,Fuca1-2Galb1-3GalNAcb1-4(Neu5Aca2-3)Galb1-4Glcb-Sp9,Fuca1-2Galb1-3GalNAcb1-4(Neu5Aca2-3)Galb1-4Glcb-Sp9,14.962075,57.621775,395.280825,9487.959575,38658.89388
Fucα1-2Galβ1-3GlcNAcβ1-3Galβ1-4Glcβ-Sp8,Fuca1-2Galb1-3GlcNAcb1-3Galb1-4Glcb-Sp8,Fuca1-2Galb1-3GlcNAcb1-3Galb1-4Glcb-Sp8,427.3759,55.276675,385.186225,8714.191025,39277.48905
Fucα1-2Galβ1-3GlcNAcβ1-3Galβ1-4Glcβ-Sp10,Fuca1-2Galb1-3GlcNAcb1-3Galb1-4Glcb-Sp10,Fuca1-2Galb1-3GlcNAcb1-3Galb1-4Glcb-Sp10,338.289925,14.219525,65.2561,3197.366,16229.6855
Fucα1-2Galβ1-3GlcNAcβ-Sp0,Fuca1-2Galb1-3GlcNAcb-Sp0,Fuca1-2Galb1-3GlcNAcb-Sp0,21.1769,5.815925,62.031625,2222.866625,12055.90843
Fucα1-2Galβ1-3GlcNAcβ-Sp8,Fuca1-2Galb1-3GlcNAcb-Sp8,Fuca1-2Galb1-3GlcNAcb-Sp8,12.96415,11.286525,-0.4007,11.366925,5.89735
Fucα1-2Galβ1-4(Fucα1-3)GlcNAcβ1-3Galβ1-4(Fucα1-3)GlcNAcβ-Sp0,Fuca1-2Galb1-4(Fuca1-3)GlcNAcb1-3Galb1-4(Fuca1-3)GlcNAcb-Sp0,Fuca1-2Galb1-4(Fuca1-3)GlcNAcb1-3Galb1-4(Fuca1-3)GlcNAcb-Sp0,9.8526,15.979525,8.1801,37.2488,59.244325
Fucα1-2Galβ1-4(Fucα1-3)GlcNAcβ1-3Galβ1-4(Fucα1-3)GlcNAcβ1-3Galβ1-4(Fucα1-3)GlcNAcβ-Sp0,Fuca1-2Galb1-4(Fuca1-3)GlcNAcb1-3Galb1-4(Fuca1-3)GlcNAcb1-3Galb1-4(Fuca1-3)GlcNAcb-Sp0,Fuca1-2Galb1-4(Fuca1-3)GlcNAcb1-3Galb1-4(Fuca1-3)GlcNAcb1-3Galb1-4(Fuca1-3)GlcNAcb-Sp0,8.415075,16.7722,12.479875,24.900075,73.1029
Fucα1-2Galβ1-4(Fucα1-3)GlcNAcβ-Sp0,Fuca1-2Galb1-4(Fuca1-3)GlcNAcb-Sp0,Fuca1-2Galb1-4(Fuca1-3)GlcNAcb-Sp0,6.14365,12.21885,1.1047,12.16015,16.23865
Fucα1-2Galβ1-4(Fucα1-3)GlcNAcβ-Sp8,Fuca1-2Galb1-4(Fuca1-3)GlcNAcb-Sp8,Fuca1-2Galb1-4(Fuca1-3)GlcNAcb-Sp8,7.726775,11.044,17.3423,839.62385,4722.55415
Fucα1-2Galβ1-4GlcNAcβ1-3Galβ1-4GlcNAcβ-Sp0,Fuca1-2Galb1-4GlcNAcb1-3Galb1-4GlcNAcb-Sp0,Fuca1-2Galb1-4GlcNAcb1-3Galb1-4GlcNAcb-Sp0,17.685425,7.629825,19.902525,488.512275,3914.96825
Fucα1-2Galβ1-4GlcNAcβ1-3Galβ1-4GlcNAcβ1-3Galβ1-4GlcNAcβ-Sp0,Fuca1-2Galb1-4GlcNAcb1-3Galb1-4GlcNAcb1-3Galb1-4GlcNAcb-Sp0,Fuca1-2Galb1-4GlcNAcb1-3Galb1-4GlcNAcb1-3Galb1-4GlcNAcb-Sp0,16.116025,10.608825,11.6254,21.14885,36.762525
Fucα1-2Galβ1-4GlcNAcβ-Sp0,Fuca1-2Galb1-4GlcNAcb-Sp0,Fuca1-2Galb1-4GlcNAcb-Sp0,4.571175,11.2995,11.68625,344.1579,2313.33185
Fucα1-2Galβ1-4GlcNAcβ-Sp8,Fuca1-2Galb1-4GlcNAcb-Sp8,Fuca1-2Galb1-4GlcNAcb-Sp8,13.993075,22.5875,53.4014,2437.882275,9616.016475
Fucα1-2Galβ1-4Glcβ-Sp0,Fuca1-2Galb1-4Glcb-Sp0,Fuca1-2Galb1-4Glcb-Sp0,24.50635,16.00345,0.9884,10.928575,10.247
Fucα1-2Galβ-Sp8,Fuca1-2Galb-Sp8,Fuca1-2Galb-Sp8,17.213925,3.059025,9.6826,40.9852,50.0148
Fucα1-3GlcNAcβ-Sp8,Fuca1-3GlcNAcb-Sp8,Fuca1-3GlcNAcb-Sp8,11.26715,7.6181,10.561125,9.01685,5.044575
Fucα1-4GlcNAcβ-Sp8,Fuca1-4GlcNAcb-Sp8,Fuca1-4GlcNAcb-Sp8,7.55175,13.747325,10.300975,18.49005,26.6768
Fucβ1-3GlcNAcβ-Sp8,Fucb1-3GlcNAcb-Sp8,Fucb1-3GlcNAcb-Sp8,17.947,547.13095,10094.86087,30292.1252,33210.58455
GalNAcα1-3(Fucα1-2)Galβ1-3GlcNAcβ-Sp0,GalNAca1-3(Fuca1-2)Galb1-3GlcNAcb-Sp0,GalNAca1-3(Fuca1-2)Galb1-3GlcNAcb-Sp0,608.6901,14.029,33.236,30.732,89.27365
GalNAcα1-3(Fucα1-2)Galβ1-4(Fucα1-3)GlcNAcβ-Sp0,GalNAca1-3(Fuca1-2)Galb1-4(Fuca1-3)GlcNAcb-Sp0,GalNAca1-3(Fuca1-2)Galb1-4(Fuca1-3)GlcNAcb-Sp0,8.451475,6.322925,0.044725,27.68005,27.75585
[3OSO3]Galβ1-4(Fucα1-3)Glc-Sp0,[3OSO3]Galb1-4(Fuca1-3)Glc-Sp0,(3S)Galb1-4(Fuca1-3)Glcb-Sp0,8.812375,149.63435,638.8631,9213.13085,32301.56925
GalNAcα1-3(Fucα1-2)Galβ1-4GlcNAcβ-Sp0,GalNAca1-3(Fuca1-2)Galb1-4GlcNAcb-Sp0,GalNAca1-3(Fuca1-2)Galb1-4GlcNAcb-Sp0,354.714425,141.5617,993.23205,12625.18573,34490.603
GalNAcα1-3(Fucα1-2)Galβ1-4GlcNAcβ-Sp8,GalNAca1-3(Fuca1-2)Galb1-4GlcNAcb-Sp8,GalNAca1-3(Fuca1-2)Galb1-4GlcNAcb-Sp8,555.3418,8303.502725,39314.61482,39221.76748,39937.02125
GalNAcα1-3(Fucα1-2)Galβ1-4Glcβ-Sp0,GalNAca1-3(Fuca1-2)Galb1-4Glcb-Sp0,GalNAca1-3(Fuca1-2)Galb1-4Glcb-Sp0,1676.4635,17.6144,27.8603,680.404875,6315.8921
GlcNAcβ1-3Galβ1-3GalNAcα-Sp8,GlcNAcb1-3Galb1-3GalNAca-Sp8,GlcNAcb1-3Galb1-3GalNAca-Sp8,16.137625,18.08665,6.73895,5.199925,25.8957
GalNAcα1-3(Fucα1-2)Galβ-Sp8,GalNAca1-3(Fuca1-2)Galb-Sp8,GalNAca1-3(Fuca1-2)Galb-Sp8,6.2631,21.575225,11.22785,26.737975,77.115225
GalNAcα1-3(Fucα1-2)Galβ-Sp18,GalNAca1-3(Fuca1-2)Galb-Sp18,GalNAca1-3(Fuca1-2)Galb-Sp18,8.983125,6.88565,9.40105,40.328225,102.065375
GalNAcα1-3GalNAcβ-Sp8,GalNAca1-3GalNAcb-Sp8,GalNAca1-3GalNAcb-Sp8,6.884925,14.98155,18.441975,24.402775,121.102275
GalNAcα1-3Galβ-Sp8,GalNAca1-3Galb-Sp8,GalNAca1-3Galb-Sp8,18.703,3.058025,4.410125,38.665175,65.014975
GalNAcα1-4(Fucα1-2)Galβ1-4GlcNAcβ-Sp8,GalNAca1-4(Fuca1-2)Galb1-4GlcNAcb-Sp8,GalNAca1-4(Fuca1-2)Galb1-4GlcNAcb-Sp8,10.95695,27.5165,16.5285,41.551875,142.098975
GalNAcβ1-3GalNAcα-Sp8,GalNAcb1-3GalNAca-Sp8,GalNAcb1-3GalNAca-Sp8,5.217675,9.28385,28.0397,907.75405,5985.9131
GalNAcβ1-3(Fucα1-2)Galβ-Sp8,GalNAcb1-3(Fuca1-2)Galb-Sp8,GalNAcb1-3(Fuca1-2)Galb-Sp8,13.91515,11.89885,15.1601,290.8986,1796.133175
GalNAcβ1-3Galα1-4Galβ1-4GlcNAcβ-Sp0,GalNAcb1-3Gala1-4Galb1-4GlcNAcb-Sp0,GalNAcb1-3Gala1-4Galb1-4GlcNAcb-Sp0,26.982375,12.05255,23.608275,53.1693,53.495675
GalNAcβ1-4(Fucα1-3)GlcNAcβ-Sp0,GalNAcb1-4(Fuca1-3)GlcNAcb-Sp0,GalNAcb1-4(Fuca1-3)GlcNAcb-Sp0,13.054975,12.4207,10.72735,44.359825,472.47635
GalNAcβ1-4GlcNAcβ-Sp0,GalNAcb1-4GlcNAcb-Sp0,GalNAcb1-4GlcNAcb-Sp0,27.766675,20.93295,14.5706,62.190625,820.1792
GalNAcβ1-4GlcNAcβ-Sp8,GalNAcb1-4GlcNAcb-Sp8,GalNAcb1-4GlcNAcb-Sp8,16.454875,12.166575,4.49955,10.382275,47.852375
Galα1-2Galβ-Sp8,Gala1-2Galb-Sp8,Gala1-2Galb-Sp8,9.200025,224.30275,4239.697975,24839.07445,32624.63373
Galα1-3(Fucα1-2)Galβ1-3GlcNAcβ-Sp0,Gala1-3(Fuca1-2)Galb1-3GlcNAcb-Sp0,Gala1-3(Fuca1-2)Galb1-3GlcNAcb-Sp0,557.569975,175.136275,2039.50295,19289.84403,42457.94785
Galα1-3(Fucα1-2)Galβ1-3GlcNAcβ-Sp8,,Gala1-3(Fuca1-2)Galb1-3GlcNAcb-Sp8,429.83885,16.57425,34.431925,57.21165,75.5316
Galα1-3(Fucα1-2)Galβ1-4(Fucα1-3)GlcNAcβ-Sp0,Gala1-3(Fuca1-2)Galb1-4(Fuca1-3)GlcNAcb-Sp0,Gala1-3(Fuca1-2)Galb1-4(Fuca1-3)GlcNAcb-Sp0,13.02815,12.0485,5.205375,15.65585,31.941
Galα1-3(Fucα1-2)Galβ1-4(Fucα1-3)GlcNAcβ-Sp8,,Gala1-3(Fuca1-2)Galb1-4(Fuca1-3)GlcNAcb-Sp8,3.878575,105.967,646.381925,12020.39683,31227.45793
Galα1-3(Fucα1-2)Galβ1-4GlcNAc-Sp0,Gala1-3(Fuca1-2)Galb1-4GlcNAc-Sp0,Gala1-3(Fuca1-2)Galb1-4GlcNAc-Sp0,650.2829,529.74235,6893.56615,25713.60953,29308.34148
Galα1-3(Fucα1-2)Galβ1-4Glcβ-Sp0,Gala1-3(Fuca1-2)Galb1-4Glcb-Sp0,Gala1-3(Fuca1-2)Galb1-4Glcb-Sp0,1045.41565,0.1436,18.078475,15.0673,29.28065
Galα1-3(Fucα1-2)Galβ-Sp8,Gala1-3(Fuca1-2)Galb-Sp8,Gala1-3(Fuca1-2)Galb-Sp8,25.353425,11.043625,6.9633,13.148375,18.251975
Galα1-3(Fucα1-2)Galβ-Sp18,Gala1-3(Gala1-4)Galb1-4GlcNAcb-Sp8,Gala1-3(Fuca1-2)Galb-Sp18,11.465325,14.779475,4.7251,3.844325,9.5761
Galα1-3(Galα1-4)Galβ1-4GlcNAcβ-Sp8,Gala1-3GalNAca-Sp8,Gala1-4(Gala1-3)Galb1-4GlcNAcb-Sp8,18.452925,14.0177,8.323225,27.11815,404.2432
Galα1-3GalNAcα-Sp8,,Gala1-3GalNAca-Sp8,44.38705,21.7883,46.91085,53.460375,90.5822
Galα1-3GalNAcα-Sp16,Gala1-3GalNAca-Sp16,Gala1-3GalNAca-Sp16,6.023375,8.0203,16.33155,34.150925,107.623975
Galα1-3GalNAcβ-Sp8,Gala1-3GalNAcb-Sp8,Gala1-3GalNAcb-Sp8,12.693,17.16295,21.77205,40.201775,89.912675
Galα1-3Galβ1-4(Fucα1-3)GlcNAcβ-Sp8,Gala1-3Galb1-4(Fuca1-3)GlcNAcb-Sp8,Gala1-3Galb1-4(Fuca1-3)GlcNAcb-Sp8,7.9081,15.031275,56.3812,2196.4311,10844.43577
Galα1-3Galβ1-3GlcNAcβ-Sp0,Gala1-3Galb1-3GlcNAcb-Sp0,Gala1-3Galb1-3GlcNAcb-Sp0,5.227575,10.264325,32.094775,999.0651,16330.9768
Galα1-3Galβ1-4GlcNAcβ-Sp8,Gala1-3Galb1-4GlcNAcb-Sp8,Gala1-3Galb1-4GlcNAcb-Sp8,41.0557,26.360025,187.300825,4282.879575,17708.82555
Galα1-3Galβ1-4Glcβ-Sp0,Gala1-3Galb1-4Glcb-Sp0,Gala1-3Galb1-4Glcb-Sp0,201.8039,10.026175,4.494125,15.201125,78.16645
,,Gala1-3Galb1-4Glc-Sp10,325.24415,,,,
Galα1-3Galβ-Sp8,Gala1-3Galb-Sp8,Gala1-3Galb-Sp8,0.457975,5.29485,10.227525,6.459675,38.700975
Galα1-4(Fucα1-2)Galβ1-4GlcNAcβ-Sp8,Gala1-4(Fuca1-2)Galb1-4GlcNAcb-Sp8,Gala1-4(Fuca1-2)Galb1-4GlcNAcb-Sp8,6.433125,6.239375,9.3627,11.507025,94.372825
Galα1-4Galβ1-4GlcNAcβ-Sp0,Gala1-4Galb1-4GlcNAcb-Sp0,Gala1-4Galb1-4GlcNAcb-Sp0,35.068375,5.297,8.3211,20.606675,117.488325
Galα1-4Galβ1-4GlcNAcβ-Sp8,Gala1-4Galb1-4GlcNAcb-Sp8,Gala1-4Galb1-4GlcNAcb-Sp8,8.1694,8.291575,4.84675,18.3628,43.60005
Galα1-4Galβ1-4Glcβ-Sp0,Gala1-4Galb1-4Glcb-Sp0,Gala1-4Galb1-4Glcb-Sp0,8.961125,9.895775,5.6704,16.500375,105.66385
Galα1-4GlcNAcβ-Sp8,Gala1-4GlcNAcb-Sp8,Gala1-4GlcNAcb-Sp8,5.43905,12.515925,20.9957,41.013625,60.023125
Galα1-6Glcβ-Sp8,Gala1-6Glcb-Sp8,Gala1-6Glcb-Sp8,6.85565,18.265125,3.6781,17.121275,91.621025
Galβ1-2Galβ-Sp8,Galb1-2Galb-Sp8,Galb1-2Galb-Sp8,8.918225,23.72595,15.197275,53.214025,57.996925
Galβ1-3(Fucα1-4)GlcNAcβ1-3Galβ1-4(Fucα1-3)GlcNAcβ-Sp0,Galb1-3(Fuca1-4)GlcNAcb1-3Galb1-4(Fuca1-3)GlcNAcb-Sp0,Galb1-3(Fuca1-4)GlcNAcb1-3Galb1-4(Fuca1-3)GlcNAcb-Sp0,9.656225,4.687925,6.73575,55.625825,512.9649
Galβ1-3(Fucα1-4)GlcNAcβ1-3Galβ1-4GlcNAcβ-Sp0,Galb1-3(Fuca1-4)GlcNAcb1-3Galb1-4GlcNAcb-Sp0,Galb1-3(Fuca1-4)GlcNAcb1-3Galb1-4GlcNAcb-Sp0,,9.9855,17.46615,74.11255,218.24885
Galβ1-3(Fucα1-4)GlcNAcβ-Sp0,Galb1-3(Fuca1-4)GlcNAcb-Sp0,Galb1-3(Fuca1-4)GlcNAc-Sp0 ,21.208925,6.61475,1.1599,6.354925,8.571975
Galβ1-3(Fucα1-4)GlcNAcβ-Sp8,Galb1-3(Fuca1-4)GlcNAc-Sp8,Galb1-3(Fuca1-4)GlcNAc-Sp8 ,14.5019,-1.5749,10.40705,12.416725,23.83855
Galβ1-3(Fucα1-4)GlcNAc-Sp8,Galb1-3(Fuca1-4)GlcNAcb-Sp8,Fuca1-4(Galb1-3)GlcNAcb-Sp8,14.29065,18.620525,13.201825,34.028525,612.661075
Galβ1-4GlcNAcβ1-6GalNAcα-Sp8,Galb1-4GlcNAcb1-6GalNAca-Sp8,Galb1-4GlcNAcb1-6GalNAca-Sp8,15.132025,2.263725,19.044125,591.2402,2229.6952
,,Galb1-4GlcNAcb1-6GalNAc-Sp14,9.399,,,,
Galβ1-3(GlcNAcβ1-6)GalNAcα-Sp8,Galb1-3(GlcNAcb1-6)GalNAca-Sp8,GlcNAcb1-6(Galb1-3)GalNAca-Sp8 ,7.9144,9.13625,10.3976,80.945625,466.18965
Galβ1-3(GlcNAcβ1-6)GalNAc-Sp14,Galb1-3(GlcNAcb1-6)GalNAc-Sp14,GlcNAcb1-6(Galb1-3)GalNAca-Sp14,8.80975,14.030325,5.54825,23.7369,117.9287
Galβ1-3(Neu5Acα2-6)GalNAcα-Sp8,Galb1-3(Neu5Aca2-6)GalNAca-Sp8,Neu5Aca2-6(Galb1-3)GalNAca-Sp8,3.86125,13.4157,28.71515,42.317275,113.0249
Galβ1-3(Neu5Acα2-6)GalNAcα-Sp14,Galb1-3(Neu5Aca2-6)GalNAca-Sp14,Neu5Aca2-6(Galb1-3)GalNAca-Sp14,5.94695,4.938125,10.1292,25.6646,43.1961
Galβ1-3(Neu5Acβ2-6)GalNAcα-Sp8,Galb1-3(Neu5Acb2-6)GalNAca-Sp8,Neu5Acb2-6(Galb1-3)GalNAca-Sp8,3.771575,15.610525,7.074575,100.667475,583.019825
Galβ1-3(Neu5Acα2-6)GlcNAcβ1-4Galβ1-4Glcβ-Sp10,Galb1-3(Neu5Aca2-6)GlcNAcb1-4Galb1-4Glcb-Sp10,Neu5Aca2-6(Galb1-3)GlcNAcb1-4Galb1-4Glcb-Sp10,9.925825,13.0727,24.048525,946.270125,4801.011475
Galβ1-3GalNAcα-Sp8,Galb1-3GalNAca-Sp8,Galb1-3GalNAca-Sp8,3.285175,5.32615,2.40375,241.7493,973.292975
Galβ1-3GalNAcα-Sp14,,Galb1-3GalNAca-Sp14,13.77415,3.0468,17.5359,143.083275,1148.925425
Galβ1-3GalNAcα-Sp16,Galb1-3GalNAca-Sp16,Galb1-3GalNAca-Sp16,4.08145,27.202425,119.6685,3803.87465,22097.4136
Galβ1-3GalNAcβ-Sp8,Galb1-3GalNAcb-Sp8,Galb1-3GalNAcb-Sp8,79.996025,6.548175,24.283625,902.94535,4164.884875
Galβ1-3GalNAcβ1-3Galα1-4Galβ1-4Glcβ-Sp0,Galb1-3GalNAcb1-3Gala1-4Galb1-4Glcb-Sp0,Galb1-3GalNAcb1-3Gala1-4Galb1-4Glcb-Sp0,11.633925,12.97155,18.572675,1031.9414,4883.8482
Galβ1-3GalNAcβ1-4(Neu5Acα2-3)Galβ1-4Glcβ-Sp0,Galb1-3GalNAcb1-4(Neu5Aca2-3)Galb1-4Glcb-Sp0,Galb1-3GalNAcb1-4(Neu5Aca2-3)Galb1-4Glcb-Sp0,34.29695,15.62245,43.191325,1153.4003,6917.080225
Galβ1-3GalNAcβ1-4Galβ1-4Glcβ-Sp8,Galb1-3GalNAcb1-4Galb1-4Glcb-Sp8,Galb1-3GalNAcb1-4Galb1-4Glcb-Sp8,18.554975,31.713775,197.329875,3549.23795,15160.93327
Galβ1-3Galβ-Sp8,Galb1-3Galb-Sp8,Galb1-3Galb-Sp8,57.82395,11.2656,13.8941,1080.677075,5213.3642
Galβ1-3GlcNAcβ1-3Galβ1-4GlcNAcβ-Sp0,Galb1-3GlcNAcb1-3Galb1-4GlcNAcb-Sp0,Galb1-3GlcNAcb1-3Galb1-4GlcNAcb-Sp0,41.8505,22.839075,241.7409,6494.0025,18539.9673
Galβ1-3GlcNAcβ1-3Galβ1-4Glcβ-Sp10,Galb1-3GlcNAcb1-3Galb1-4Glcb-Sp10,Galb1-3GlcNAcb1-3Galb1-4Glcb-Sp10,178.1679,9.489875,23.21785,570.79015,3136.306375
Galβ1-3GlcNAcβ-Sp0,Galb1-3GlcNAcb-Sp0,Galb1-3GlcNAcb-Sp0,8.6774,18.9863,28.50105,649.251775,3047.153225
Galβ1-3GlcNAcβ-Sp8,Galb1-3GlcNAcb-Sp8,Galb1-3GlcNAcb-Sp8,11.990225,9.242175,34.54085,36.090525,42.1121
Galβ1-4(Fucα1-3)GlcNAcβ-Sp0,Galb1-4(Fuca1-3)GlcNAcb-Sp0,Galb1-4(Fuca1-3)GlcNAcb-Sp0,7.210975,8.307975,10.313175,11.9513,19.13675
Galβ1-4(Fucα1-3)GlcNAcβ-Sp8,Galb1-4(Fuca1-3)GlcNAcb-Sp8,Galb1-4(Fuca1-3)GlcNAcb-Sp8,7.84105,8.9551,12.016075,18.30045,36.0704
Galβ1-4(Fucα1-3)GlcNAcβ1-4Galβ1-4(Fucα1-3)GlcNAcβ-Sp0,Galb1-4(Fuca1-3)GlcNAcb1-4Galb1-4(Fuca1-3)GlcNAcb-Sp0,Galb1-4(Fuca1-3)GlcNAcb1-4Galb1-4(Fuca1-3)GlcNAcb-Sp0,2.914075,3.69495,11.999575,37.801175,50.30895
Galβ1-4(Fucα1-3)GlcNAcβ1-4Galβ1-4(Fucα1-3)GlcNAcβ1-4Galβ1-4(Fucα1-3)GlcNAcβ-Sp0,Galb1-4(Fuca1-3)GlcNAcb1-4Galb1-4(Fuca1-3)GlcNAcb1-4Galb1-4(Fuca1-3)GlcNAcb-Sp0,Galb1-4(Fuca1-3)GlcNAcb1-4Galb1-4(Fuca1-3)GlcNAcb1-4Galb1-4(Fuca1-3)GlcNAcb-Sp0,12.5654,16.3961,115.639025,2380.053425,7094.91375
Galβ1-4[6OSO3]Glcβ-Sp0,Galb1-4[6OSO3]Glcb-Sp0,Galb1-4(6S)Glcb-Sp0,144.6365,10.352775,98.85245,2304.625225,6691.967325
Galβ1-4[6OSO3]Glcβ-Sp8,Galb1-4[6OSO3]Glcb-Sp8,Galb1-4(6S)Glcb-Sp8,91.895875,298.958625,2621.994975,20333.87373,33089.46755
Galβ1-4GalNAcα1-3(Fucα1-2)Galβ1-4GlcNAcβ-Sp8,Galb1-4GalNAca1-3(Fuca1-2)Galb1-4GlcNAcb-Sp8,Galb1-4GalNAca1-3(Fuca1-2)Galb1-4GlcNAcb-Sp8,603.63125,7.125875,16.49885,50.495475,376.052125
Galβ1-4GalNAcβ1-3(Fucα1-2)Galβ1-4GlcNAcβ-Sp8,Galb1-4GalNAcb1-3(Fuca1-2)Galb1-4GlcNAcb-Sp8,Galb1-4GalNAcb1-3(Fuca1-2)Galb1-4GlcNAcb-Sp8,10.09865,4.052075,6.3161,80.924475,1879.2764
Galβ1-4GlcNAcβ1-3GalNAcα-Sp8,Galb1-4GlcNAcb1-3GalNAca-Sp8,Galb1-4GlcNAcb1-3GalNAca-Sp8,18.503525,10.2046,15.325275,32.013125,105.443
Galβ1-4GlcNAcβ1-3GalNAcα-Sp14,Galb1-4GlcNAcb1-3GalNAc-Sp14,Galb1-4GlcNAcb1-3GalNAc-Sp14,3.64125,24.638175,6.89035,40.811275,115.632925
Galβ1-4GlcNAcβ1-3Galβ1-4(Fucα1-3)GlcNAcβ1-3Galβ1-4(Fucα1-3)GlcNAcβ-Sp0,Galb1-4GlcNAcb1-3Galb1-4(Fuca1-3)GlcNAcb1-3Galb1-4(Fuca1-3)GlcNAcb-Sp0,Galb1-4GlcNAcb1-3Galb1-4(Fuca1-3)GlcNAcb1-3Galb1-4(Fuca1-3)GlcNAcb-Sp0,8.35935,21.9224,23.71765,559.361175,3388.766125
Galβ1-4GlcNAcβ1-3Galβ1-4GlcNAcβ1-3Galβ1-4GlcNAcβ-Sp0,Galb1-4GlcNAcb1-3Galb1-4GlcNAcb1-3Galb1-4GlcNAcb-Sp0,Galb1-4GlcNAcb1-3Galb1-4GlcNAcb1-3Galb1-4GlcNAcb-Sp0,37.29645,14.43745,26.716475,997.002425,6267.691775
Galβ1-4GlcNAcβ1-3Galβ1-4GlcNAcβ-Sp0,Galb1-4GlcNAcb1-3Galb1-4GlcNAcb-Sp0,Galb1-4GlcNAcb1-3Galb1-4GlcNAcb-Sp0,78.67945,64.5014,388.27515,8498.916275,34235.35133
Galβ1-4GlcNAcβ1-3Galβ1-4Glcβ-Sp0,Galb1-4GlcNAcb1-3Galb1-4Glcb-Sp0,Galb1-4GlcNAcb1-3Galb1-4Glcb-Sp0,301.759475,65.754725,428.148025,8415.204075,33566.44597
Galβ1-4GlcNAcβ1-3Galβ1-4Glcβ-Sp8,Galb1-4GlcNAcb1-3Galb1-4Glcb-Sp8,Galb1-4GlcNAcb1-3Galb1-4Glcb-Sp8,531.288175,24.31725,23.93425,968.75795,8172.18805
Galβ1-4GlcNAcβ1-6(Galβ1-3)GalNAcα-Sp8,Galb1-4GlcNAcb1-6(Galb1-3)GalNAca-Sp8,Galb1-4GlcNAcb1-6(Galb1-3)GalNAca-Sp8,20.5791,7.835475,27.833175,719.8444,7285.6714
Galβ1-3(Galβ1-4GlcNAcβ1-6)GalNAcα-Sp8,Galb1-3(Galb1-4GlcNAcb1-6)GalNAca-Sp8,,,9.032525,17.203725,267.227725,1648.7598
Galβ1-3(Galβ1-4GlcNAcβ1-6)GalNAc-Sp14,Galb1-3(Galb1-4GlcNAcb1-6)GalNAc-Sp14,Galb1-4GlcNAcb1-6(Galb1-3)GalNAc-Sp14,10.45855,8.721475,3.513225,12.282825,836.6434
Galβ1-4GlcNAcβ-Sp0,Galb1-4GlcNAcb-Sp0,Galb1-4GlcNAcb-Sp0,8.791375,6.290975,-2.486475,28.862375,2501.109875
Galβ1-4GlcNAcβ-Sp8,Galb1-4GlcNAcb-Sp8,Galb1-4GlcNAcb-Sp8,5.8879,-4.507625,-0.9206,485.08345,2164.218775
,,Galb1-4GlcNAcb-Sp23,18.811075,,,,
Galβ1-4Glcβ-Sp0,Galb1-4Glcb-Sp0,Galb1-4Glcb-Sp0,13.30085,8.240075,4.4872,667.10145,2125.890875
Galβ1-4Glcβ-Sp8,Galb1-4Glcb-Sp8,Galb1-4Glcb-Sp8,15.0734,4.495175,6.519225,65.983475,1110.110725
GlcNAcα1-3Galβ1-4GlcNAcβ-Sp8,GlcNAca1-3Galb1-4GlcNAcb-Sp8,GlcNAca1-3Galb1-4GlcNAcb-Sp8,8.910225,10.83155,8.164875,21.438875,33.22815
GlcNAcα1-6Galβ1-4GlcNAcβ-Sp8,GlcNAca1-6Galb1-4GlcNAcb-Sp8,GlcNAca1-6Galb1-4GlcNAcb-Sp8,6.833275,13.3946,5.994525,55.804725,837.061675
GlcNAcβ1-2Galβ1-3GalNAcα-Sp8,GlcNAcb1-2Galb1-3GalNAca-Sp8,GlcNAcb1-2Galb1-3GalNAca-Sp8,13.27245,9.874225,10.773475,8.177125,7.685125
GlcNAcβ1-3(GlcNAcβ1-6)GalNAcα-Sp8,GlcNAcb1-3(GlcNAcb1-6)GalNAca-Sp8,GlcNAcb1-6(GlcNAcb1-3)GalNAca-Sp8,10.728725,2.7001,18.633475,7.027225,14.207125
GlcNAcβ1-3(GlcNAcβ1-6)Galβ1-4GlcNAcβ-Sp8,GlcNAcb1-3(GlcNAcb1-6)Galb1-4GlcNAcb-Sp8,GlcNAcb1-6(GlcNAcb1-3)GalNAca-Sp14,8.0545,10.084425,-0.186075,11.036575,26.51545
,,GlcNAcb1-6(GlcNAcb1-3)Galb1-4GlcNAcb-Sp8,8.47255,,,,
GlcNAcβ1-3GalNAcα-Sp8,GlcNAcb1-3GalNAca-Sp8,GlcNAcb1-3GalNAca-Sp8,7.324725,7.47235,5.3441,12.9069,7.419875
GlcNAcβ1-3GalNAcα-Sp14,GlcNAcb1-3GalNAca-Sp14,GlcNAcb1-3GalNAca-Sp14,14.701225,10.799425,4.753175,18.8869,20.713425
GlcNAcβ1-3Galβ-Sp8,GlcNAcb1-3Galb-Sp8,GlcNAcb1-3Galb-Sp8,9.247775,3.069125,18.294475,269.205775,3106.20335
GlcNAcβ1-3Galβ1-4GlcNAcβ-Sp0,GlcNAcb1-3Galb1-4GlcNAcb-Sp0,GlcNAcb1-3Galb1-4GlcNAcb-Sp0,26.941475,10.8614,21.6313,275.906125,2584.8909
GlcNAcβ1-3Galβ1-4GlcNAcβ-Sp8,GlcNAcb1-3Galb1-4GlcNAcb-Sp8,GlcNAcb1-3Galb1-4GlcNAcb-Sp8,19.4206,2.78195,13.371,444.373375,3029.019025
GlcNAcβ1-3Galβ1-4GlcNAcβ1-3Galβ1-4GlcNAcβ-Sp0,GlcNAcb1-3Galb1-4GlcNAcb1-3Galb1-4GlcNAcb-Sp0,GlcNAcb1-3Galb1-4GlcNAcb1-3Galb1-4GlcNAcb-Sp0,34.599925,6.039625,87.258175,2156.324575,15485.45293
GlcNAcβ1-3Galβ1-4Glcβ-Sp0,GlcNAcb1-3Galb1-4Glcb-Sp0,GlcNAcb1-3Galb1-4Glcb-Sp0,125.42275,20.16635,21.769425,13.016525,58.304075
GlcNAcβ1-4-MDPLys,GlcNAcb1-4-MDPLys,GlcNAcb1-4-MDPLys,3.8398,18.980825,8.08695,11.139525,63.798025
GlcNAcβ1-4(GlcNAcβ1-6)GalNAcα-Sp8,GlcNAcb1-4(GlcNAcb1-6)GalNAca-Sp8,GlcNAcb1-6(GlcNAcb1-4)GalNAca-Sp8,12.716325,14.606125,2.2251,2.9846,-2.60285
GlcNAcβ1-4Galβ1-4GlcNAcβ-Sp8,GlcNAcb1-4Galb1-4GlcNAcb-Sp8,GlcNAcb1-4Galb1-4GlcNAcb-Sp8,8.024525,6.65965,0.831675,16.594,22.959825
GlcNAcβ1-4GlcNAcβ1-4GlcNAcβ1-4GlcNAcβ1-4GlcNAcβ1-4GlcNAcβ1-4β-Sp8,(GlcNAcb1-4)6b-Sp8,GlcNAcb1-4GlcNAcb1-4GlcNAcb1-4GlcNAcb1-4GlcNAcb1-4GlcNAcb1-Sp8,13.165875,4.8656,0.516625,10.1229,15.054775
GlcNAcβ1-4GlcNAcβ1-4GlcNAcβ1-4GlcNAcβ1-4GlcNAcβ-Sp8,(GlcNAcb1-4)5b-Sp8,GlcNAcb1-4GlcNAcb1-4GlcNAcb1-4GlcNAcb1-4GlcNAcb1-Sp8,15.406775,11.9583,5.352075,20.46815,33.3059
GlcNAcβ1-4GlcNAcβ1-4GlcNAcβ-Sp8,GlcNAcb1-4GlcNAcb1-4GlcNAcb-Sp8,GlcNAcb1-4GlcNAcb1-4GlcNAcb-Sp8,10.97655,1.617625,1.468025,4.823625,15.855725
GlcNAcβ1-6(Galβ1-3)GalNAcα-Sp8,GlcNAcb1-6(Galb1-3)GalNAca-Sp8,,,12.9364,5.687825,23.432225,19.417175
GlcNAcβ1-6GalNAcα-Sp8,GlcNAcb1-6GalNAca-Sp8,GlcNAcb1-6GalNAca-Sp8,10.25495,3.52645,5.47875,22.14915,22.981475
GlcNAcβ1-6GalNAcα-Sp14,GlcNAcb1-6GalNAca-Sp14,GlcNAcb1-6GalNAca-Sp14,5.093675,-0.39425,-2.218225,-3.144325,-8.98285
GlcNAcβ1-6Galβ1-4GlcNAcβ-Sp8,GlcNAcb1-6Galb1-4GlcNAcb-Sp8,GlcNAcb1-6Galb1-4GlcNAcb-Sp8,5.59195,-0.23325,-7.517175,1.32335,20.249775
Glcα1-4Glcβ-Sp8,Glca1-4Glcb-Sp8,Glca1-4Glcb-Sp8,-0.23385,8.328475,12.611175,9.35915,25.095675
Glcα1-4Glcα-Sp8,Glca1-4Glca-Sp8,Glca1-4Glca-Sp8,7.554375,15.8466,11.420675,2.07105,11.87055
Glcα1-6Glcα1-6Glcβ-Sp8,Glca1-6Glca1-6Glcb-Sp8,Glca1-6Glca1-6Glcb-Sp8,1.912775,23.308225,11.2587,20.701425,33.843125
Glcβ1-4Glcβ-Sp8,Glcb1-4Glcb-Sp8,Glcb1-4Glcb-Sp8,8.38755,-0.350625,4.618725,22.715975,32.18485
Glcβ1-6Glcβ-Sp8,Glcb1-6Glcb-Sp8,Glcb1-6Glcb-Sp8,12.474675,7.0225,9.874475,16.94265,36.37395
G-ol-Sp8,G-ol-Sp8,G-ol-Sp8,12.4824,7.7594,6.3951,36.769025,102.40365
GlcAα-Sp8,GlcAa-Sp8,GlcAa-Sp8,10.255,112.991375,124.508575,202.655,299.3496
GlcAβ-Sp8,GlcAb-Sp8,GlcAb-Sp8,19.14785,28.410075,28.9383,31.544525,49.4687
GlcAβ1-3Galβ-Sp8,GlcAb1-3Galb-Sp8,GlcAb1-3Galb-Sp8,6.668025,6.2058,14.24345,13.280525,6.5661
GlcAβ1-6Galβ-Sp8,GlcAb1-6Galb-Sp8,GlcAb1-6Galb-Sp8,9.6275,14.0973,3.708475,28.61935,75.8382
KDNα2-3Galβ1-3GlcNAcβ-Sp0,KDNa2-3Galb1-3GlcNAcb-Sp0,KDNa2-3Galb1-3GlcNAcb-Sp0,5.752375,4.4383,8.0384,21.334475,102.396725
KDNα2-3Galβ1-4GlcNAcβ-Sp0,KDNa2-3Galb1-4GlcNAcb-Sp0,KDNa2-3Galb1-4GlcNAcb-Sp0,14.63785,8.55305,13.010075,5.78555,11.1845
Manα1-2Manα1-2Manα1-3Manα-Sp9,Mana1-2Mana1-2Mana1-3Mana-Sp9,Mana1-2Mana1-2Mana1-3Mana-Sp9,8.41725,11.189375,7.18035,4.391475,20.7162
Manα1-2Manα1-3(Manα1-2Manα1-6)Manα-Sp9,Mana1-2Mana1-3(Mana1-2Mana1-6)Mana-Sp9,Mana1-2Mana1-6(Mana1-2Mana1-3)Mana-Sp9,5.015625,12.0968,14.441,22.48515,29.389525
Manα1-2Manα1-3Manα-Sp9,Mana1-2Mana1-3Mana-Sp9,Mana1-2Mana1-3Mana-Sp9,2.5904,0.439525,7.400775,13.621275,10.7971
Manα1-6(Manα1-2Manα1-3)Manα1-6(Manα1-2Manα1-3)Manβ1-4GlcNAcβ1-4GlcNAcβ-Sp12,Mana1-6[Mana1-2Mana1-3]Mana1-6[Mana1-2Mana1-3]Manb1-4GlcNAcb1-4GlcNAcb-Sp12,Mana1-6(Mana1-2Mana1-3)Mana1-6(Mana1-2Mana1-3)Manb1-4GlcNAcb1-4GlcNAcb-Sp12,5.336325,4.68065,2.469825,28.6828,33.779025
Manα1-2Manα1-6(Manα1-3)Manα1-6(Manα1-2Manα1-2Manα1-3)Manβ1-4GlcNAcβ1-4GlcNAcβ-Sp12,Mana1-2Mana1-6(Mana1-3)Mana1-6[Mana1-2Mana1-2Mana1-3]Manb1-4GlcNAcb1-4GlcNAcb-Sp12,Mana1-2Mana1-6(Mana1-3)Mana1-6(Mana1-2Mana1-2Mana1-3)Manb1-4GlcNAcb1-4GlcNAcb-Sp12,8.131025,38.102125,63.152325,70.885325,98.82895
Manα1-2Manα1-2Manα1-3(Manα1-2Manα1-3(Manα1-2Manα1-6)Manα1-6)Manβ1-4GlcNAcβ1-4GlcNAcβ-Sp12,Mana1-2Mana1-2Mana1-3(Mana1-2Mana1-3(Mana1-2Mana1-6)Mana1-6)Manb1-4GlcNAcb1-4GlcNAcb-Sp12,Mana1-2Mana1-6(Mana1-2Mana1-3)Mana1-6(Mana1-2Mana1-2Mana1-3)Manb1-4GlcNAcb1-4GlcNAcb-Sp12,7.735575,10.124575,6.87475,17.898475,45.942825
Manα1-3(Manα1-6)Manα-Sp9,Mana1-3(Mana1-6)Mana-Sp9,Mana1-6(Mana1-3)Mana-Sp9,11.329775,19.257375,19.45605,20.00225,54.6927
Manα1-3(Manα1-2Manα1-2Manα1-6)Manα-Sp9,Mana1-3(Mana1-2Mana1-2Mana1-6)Mana-Sp9,Mana1-2Mana1-2Mana1-6(Mana1-3)Mana-Sp9,2.102075,130.812525,220.2033,286.929425,391.42325
Manα1-6(Manα1-3)Manα1-6(Manα1-2Manα1-3)Manβ1-4GlcNAcβ1-4GlcNAcβ-Sp12,Mana1-6(Mana1-3)Mana1-6[Mana1-2Mana1-3]Manb1-4GlcNAcb1-4GlcNAcb-Sp12,Mana1-6(Mana1-3)Mana1-6(Mana1-2Mana1-3)Manb1-4GlcNAcb1-4GlcNAcb-Sp12,19.673825,10.258325,5.340825,16.175425,71.10985
Manα1-6(Manα1-3)Manα1-6(Manα1-3)Manβ1-4GlcNAcβ1-4GlcNAcβ-Sp12,Mana1-6(Mana1-3)Mana1-6(Mana1-3)Manb1-4GlcNAcb1-4 GlcNAcb-Sp12,Mana1-6(Mana1-3)Mana1-6(Mana1-3)Manb1-4GlcNAcb1-4GlcNAcb-Sp12,16.956525,19.04845,9.123475,4.9962,15.463325
Manβ1-4GlcNAcβ-Sp0,Manb1-4GlcNAcb-Sp0,Manb1-4GlcNAcb-Sp0,15.212,9.5475,11.190225,10.289975,26.134075
Neu5Acα2-3Galβ1-4GlcNAcβ1-3Galβ1-4(Fucα1-3)GlcNAc-Sp0,Neu5Aca2-3Galb1-4GlcNAcb1-3Galb1-4(Fuca1-3)GlcNAc-Sp0,Neu5Aca2-3Galb1-4GlcNAcb1-3Galb1-4(Fuca1-3)GlcNAcb-Sp0,5.544075,19.69995,15.761525,81.024,723.481025
[3OSO3]Galβ1-4(Fucα1-3)[6OSO3]GlcNAc-Sp8,[3OSO3]Galb1-4(Fuca1-3)[6OSO3]GlcNAc-Sp8 ,(3S)Galb1-4(Fuca1-3)(6S)GlcNAcb-Sp8 ,5.908875,20.81975,15.363375,18.208325,28.44095
Fucα1-2[6OSO3]Galβ1-4GlcNAc-Sp0,Fuca1-2[6OSO3]Galb1-4GlcNAc-Sp0,Fuca1-2(6S)Galb1-4GlcNAcb-Sp0,16.4354,10.8489,30.50635,887.1804,2988.35935
Fucα1-2Galβ1-4[6OSO3]GlcNAc-Sp8,Fuca1-2Galb1-4[6OSO3]GlcNAc-Sp8,Fuca1-2Galb1-4(6S)GlcNAcb-Sp8,25.3769,25.49415,11.2792,32.306525,34.6683
Fucα1-2[6OSO3]Galβ1-4[6OSO3]Glc-Sp0,Fuca1-2[6OSO3]Galb1-4[6OSO3]Glc-Sp0,Fuca1-2(6S)Galb1-4(6S)Glcb-Sp0,7.4442,8.351775,8.96575,193.86695,716.67335
Neu5Acα2-3Galβ1-3GalNAcα-Sp8,Neu5Aca2-3Galb1-3GalNAca-Sp8,Neu5Aca2-3Galb1-3GalNAca-Sp8,12.0367,5.441225,9.816775,85.66755,138.1197
Neu5Acα2-3Galβ1-3GalNAcα-Sp14,,Neu5Aca2-3Galb1-3GalNAca-Sp14,9.609375,15.15555,21.697475,40.585575,46.8816
Neu5Acα2-8Neu5Acα2-8Neu5Acα2-8Neu5Acα2-3(GalNAcβ1-4)Galβ1-4Glcβ-Sp0,Neu5Aca2-8Neu5Aca2-8Neu5Aca2-8Neu5Aca2-3(GalNAcb1-4)Galb1-4Glcb-Sp0,GalNAcb1-4(Neu5Aca2-8Neu5Aca2-8Neu5Aca2-8Neu5Aca2-3)Galb1-4Glcb-Sp0,8.724075,29.0338,49.7701,84.466825,120.96205
Neu5Acα2-8Neu5Acα2-8Neu5Acα2-3(GalNAcβ1-4)Galβ1-4Glcβ-Sp0,Neu5Aca2-8Neu5Aca2-8Neu5Aca2-3(GalNAcb1-4)Galb1-4Glcb-Sp0,GalNAcb1-4(Neu5Aca2-8Neu5Aca2-8Neu5Aca2-3)Galb1-4Glcb-Sp0,10.185625,6.781,7.2248,41.670425,57.727325
Neu5Acα2-8Neu5Acα2-8Neu5Acα2-3Galβ1-4Glcβ-Sp0,Neu5Aca2-8Neu5Aca2-8Neu5Aca2-3Galb1-4Glcb-Sp0,Neu5Aca2-8Neu5Aca2-8Neu5Aca2-3Galb1-4Glcb-Sp0,8.518675,4.850625,7.579125,23.849475,67.7259
Neu5Acα2-8Neu5Acα2-3(GalNAcβ1-4)Galβ1-4Glcβ-Sp0,Neu5Aca2-8Neu5Aca2-3(GalNAcb1-4)Galb1-4Glcb-Sp0,GalNAcb1-4(Neu5Aca2-8Neu5Aca2-3)Galb1-4Glcb-Sp0,6.97585,1.3552,3.882325,4.725975,19.323075
Neu5Acα2-8Neu5Acα2-8Neu5Acα-Sp8,Neu5Aca2-8Neu5Aca2-8Neu5Aca-Sp8,Neu5Aca2-8Neu5Aca2-8Neu5Aca-Sp8,2.947625,2.663325,0.18355,4.859075,6.27465
Neu5Acα2-3(6-O-Su)Galβ1-4(Fucα1-3)GlcNAcβ-Sp8,Neu5Aca2-3(6-O-Su)Galb1-4(Fuca1-3)GlcNAcb-Sp8,Neu5Aca2-3(6S)Galb1-4(Fuca1-3)GlcNAcb-Sp8,2.843,10.427825,15.784125,41.51495,29.991375
Neu5Acα2-3(GalNAcβ1-4)Galβ1-4GlcNAcβ-Sp0,Neu5Aca2-3(GalNAcb1-4)Galb1-4GlcNAcb-Sp0,GalNAcb1-4(Neu5Aca2-3)Galb1-4GlcNAcb-Sp0,8.330225,14.531725,19.974825,18.75775,48.7683
Neu5Acα2-3(GalNAcβ1-4)Galβ1-4GlcNAcβ-Sp8,Neu5Aca2-3(GalNAcb1-4)Galb1-4GlcNAcb-Sp8,GalNAcb1-4(Neu5Aca2-3)Galb1-4GlcNAcb-Sp8,3.05705,9.2437,2.10895,13.50275,18.152475
Neu5Acα2-3(GalNAcβ1-4)Galβ1-4Glcβ-Sp0,Neu5Aca2-3(GalNAcb1-4)Galb1-4Glcb-Sp0,GalNAcb1-4(Neu5Aca2-3)Galb1-4Glcb-Sp0,8.102725,3.212375,9.291125,67.517575,648.64935
Neu5Acα2-3(Neu5Acα2-3Galβ1-3GalNAcβ1-4)Galβ1-4Glcβ-Sp0,Neu5Aca2-3(Neu5Aca2-3Galb1-3GalNAcb1-4)Galb1-4Glcb-Sp0,Neu5Aca2-3Galb1-3GalNAcb1-4(Neu5Aca2-3)Galb1-4Glcb-Sp0,11.0476,0.3281,3.05875,2.481025,-0.51955
Neu5Acα2-3(Neu5Acα2-6)GalNAcα-Sp8,Neu5Aca2-3(Neu5Aca2-6)GalNAca-Sp8,Neu5Aca2-6(Neu5Aca2-3)GalNAca-Sp8,13.34205,16.418225,14.9961,14.635625,8.710325
Neu5Acα2-3GalNAcα-Sp8,Neu5Aca2-3GalNAca-Sp8,Neu5Aca2-3GalNAca-Sp8,13.696875,8.648625,10.3438,12.864525,20.80275
Neu5Acα2-3GalNAcβ1-4GlcNAcβ-Sp0,Neu5Aca2-3GalNAcb1-4GlcNAcb-Sp0,Neu5Aca2-3GalNAcb1-4GlcNAcb-Sp0,11.0113,32.821525,42.1486,138.5331,388.5751
Neu5Acα2-3Galβ1-3[6OSO3]GlcNAc-Sp8,Neu5Aca2-3Galb1-3[6OSO3]GlcNAc-Sp8,Neu5Aca2-3Galb1-3(6S)GlcNAc-Sp8,8.0051,9.941575,28.306125,22.86495,18.413475
Neu5Acα2-3Galβ1-3(Fucα1-4)GlcNAcβ-Sp8,Neu5Aca2-3Galb1-3(Fuca1-4)GlcNAcb-Sp8,Neu5Aca2-3Galb1-3( Fuca1-4)GlcNAcb-Sp8,,11.481,13.92785,71.09485,49.121975
Neu5Acα2-3Galβ1-3(Fucα1-4)GlcNAcβ1-3Galβ1-4(Fucα1-3)GlcNAcβ-Sp0,Neu5Aca2-3Galb1-3(Fuca1-4)GlcNAcb1-3Galb1-4(Fuca1-3)GlcNAcb-Sp0,Neu5Aca2-3Galb1-3(Fuca1-4)GlcNAcb1-3Galb1-4(Fuca1-3)GlcNAcb-Sp0,5.629875,6.943975,2.978075,7.718325,3.5004
Neu5Acα2-3Galβ1-3(Neu5Acα2-3Galβ1-4)GlcNAcβ-Sp8,Neu5Aca2-3Galb1-3(Neu5Aca2-3Galb1-4)GlcNAcb-Sp8,Neu5Aca2-3Galb1-4(Neu5Aca2-3Galb1-3)GlcNAcb-Sp8,9.30185,4.7165,5.13785,690.223675,2819.35805
Neu5Acα2-3Galβ1-3[6OSO3]GalNAcα-Sp8,Neu5Aca2-3Galb1-3[6OSO3]GalNAca-Sp8,Neu5Aca2-3Galb1-3(6S)GalNAca-Sp8,18.1814,6.659275,1.446275,15.86035,15.736625
Neu5Acα2-3Galβ1-3(Neu5Acα2-6)GalNAcα-Sp8,Neu5Aca2-3Galb1-3(Neu5Aca2-6)GalNAca-Sp8,Neu5Aca2-6(Neu5Aca2-3Galb1-3)GalNAca-Sp8,17.0637,10.742775,33.287475,79.0484,148.198875
Neu5Acα2-3Galβ1-3(Neu5Acα2-6)GalNAcα-Sp14,,Neu5Aca2-6(Neu5Aca2-3Galb1-3)GalNAca-Sp14,8.58885,16.3743,7.898425,10.8086,1.640425
Neu5Acα2-3Galβ-Sp8,Neu5Aca2-3Galb-Sp8,Neu5Aca2-3Galb-Sp8,11.02795,5.4945,-11.611825,747.2803,2221.445725
Neu5Acα2-3Galβ1-3GalNAcβ1-3Galα1-4Galβ1-4Glcβ-Sp0,Neu5Aca2-3Galb1-3GalNAcb1-3Gala1-4Galb1-4Glcb-Sp0,Neu5Aca2-3Galb1-3GalNAcb1-3Gala1-4Galb1-4Glcb-Sp0,16.095725,12.570825,25.80525,504.61745,2098.20475
Neu5Acα2-3Galβ1-3GlcNAcβ1-3Galβ1-4GlcNAcβ-Sp0,Neu5Aca2-3Galb1-3GlcNAcb1-3Galb1-4GlcNAcb-Sp0,Neu5Aca2-3Galb1-3GlcNAcb1-3Galb1-4GlcNAcb-Sp0,21.607175,8.70875,33.7849,27.0296,47.0565
Fucα1-2[6OSO3]Galβ1-4Glc-Sp0,Fuca1-2[6OSO3]Galb1-4Glc-Sp0,Fuca1-2(6S)Galb1-4Glcb-Sp0,11.159975,27.572025,46.320175,64.9196,360.23055
Neu5Acα2-3Galβ1-3GlcNAcβ-Sp0,Neu5Aca2-3Galb1-3GlcNAcb-Sp0,Neu5Aca2-3Galb1-3GlcNAcb-Sp0,15.2818,6.34075,26.1745,50.650025,210.96885
Neu5Acα2-3Galβ1-3GlcNAcβ-Sp8,Neu5Aca2-3Galb1-3GlcNAcb-Sp8,Neu5Aca2-3Galb1-3GlcNAcb-Sp8,8.8738,7.514575,12.111925,17.9811,56.850375
Neu5Acα2-3Galβ1-4[6OSO3]GlcNAcβ-Sp8,Neu5Aca2-3Galb1-4[6OSO3]GlcNAcb-Sp8,Neu5Aca2-3Galb1-4(6S)GlcNAcb-Sp8,8.566875,2.97705,6.33415,18.6012,10.521725
Neu5Acα2-3Galβ1-4(Fucα1-3)[6OSO3]GlcNAcβ-Sp8,Neu5Aca2-3Galb1-4(Fuca1-3)[6OSO3]GlcNAcb-Sp8,Neu5Aca2-3Galb1-4(Fuca1-3)(6S)GlcNAcb-Sp8,11.082125,25.1599,38.962325,80.540025,91.336075
Neu5Acα2-3Galβ1-4(Fucα1-3)GlcNAcβ1-3Galβ1-4(Fucα1-3)GlcNAcβ1-3Galβ1-4(Fucα1-3)GlcNAcβ-Sp0,Neu5Aca2-3Galb1-4(Fuca1-3)GlcNAcb1-3Galb1-4(Fuca1-3)GlcNAcb1-3Galb1-4(Fuca1-3)GlcNAcb-Sp0,Neu5Aca2-3Galb1-4(Fuca1-3)GlcNAcb1-3Galb1-4(Fuca1-3)GlcNAcb1-3Galb1-4(Fuca1-3)GlcNAcb-Sp0,8.367125,9.09745,2.2345,32.6419,53.866175
Neu5Acα2-3Galβ1-4(Fucα1-3)GlcNAcβ-Sp0,Neu5Aca2-3Galb1-4(Fuca1-3)GlcNAcb-Sp0,Neu5Aca2-3Galb1-4(Fuca1-3)GlcNAcb-Sp0,6.59655,5.5216,8.51295,3.80115,5.631175
Neu5Acα2-3Galβ1-4(Fucα1-3)GlcNAcβ-Sp8,Neu5Aca2-3Galb1-4(Fuca1-3)GlcNAcb-Sp8,Neu5Aca2-3Galb1-4(Fuca1-3)GlcNAcb-Sp8,9.0948,1.858225,16.45835,7.37575,7.186575
Neu5Acα2-3Galβ1-4(Fucα1-3)GlcNAcβ1-3Galβ-Sp8,Neu5Aca2-3Galb1-4(Fuca1-3)GlcNAcb1-3Galb-Sp8,Neu5Aca2-3Galb1-4(Fuca1-3)GlcNAcb1-3Galb-Sp8,5.824975,23.00155,29.335225,65.856625,124.032
Neu5Acα2-3Galβ1-4(Fucα1-3)GlcNAcβ1-3Galβ1-4GlcNAcβ-Sp8,Neu5Aca2-3Galb1-4(Fuca1-3)GlcNAcb1-3Galb1-4GlcNAcb-Sp8,Neu5Aca2-3Galb1-4(Fuca1-3)GlcNAcb1-3Galb1-4GlcNAcb-Sp8,19.25205,3.959225,-5.822175,12.3496,753.903275
Neu5Acα2-3Galβ1-4GlcNAcβ1-3Galβ1-4GlcNAcβ1-3Galβ1-4GlcNAcβ-Sp0,Neu5Aca2-3Galb1-4GlcNAcb1-3Galb1-4GlcNAcb1-3Galb1-4GlcNAcb-Sp0,Neu5Aca2-3Galb1-4GlcNAcb1-3Galb1-4GlcNAcb1-3Galb1-4GlcNAcb-Sp0,7.521475,4.169,7.933925,10.29815,124.9185
Neu5Acα2-3Galβ1-4GlcNAcβ-Sp0,Neu5Aca2-3Galb1-4GlcNAcb-Sp0,Neu5Aca2-3Galb1-4GlcNAcb-Sp0,5.173175,19.492175,37.875175,53.5249,531.573775
Neu5Acα2-3Galβ1-4GlcNAcβ-Sp8,Neu5Aca2-3Galb1-4GlcNAcb-Sp8,Neu5Aca2-3Galb1-4GlcNAcb-Sp8,7.13195,19.737025,2.884875,15.0129,398.979225
Neu5Acα2-3Galβ1-4GlcNAcβ1-3Galβ1-4GlcNAcβ-Sp0,Neu5Aca2-3Galb1-4GlcNAcb1-3Galb1-4GlcNAcb-Sp0,Neu5Aca2-3Galb1-4GlcNAcb1-3Galb1-4GlcNAcb-Sp0,3.117625,55.352,307.271425,4667.785875,17701.6053
Fucα1-2Galβ1-4[6OSO3]Glc-Sp0,Fuca1-2Galb1-4[6OSO3]Glc-Sp0,Fuca1-2Galb1-4(6S)Glcb-Sp0,439.47465,69.861725,91.73775,126.478475,280.1916
Neu5Acα2-3Galβ1-4Glcβ-Sp0,Neu5Aca2-3Galb1-4Glcb-Sp0,Neu5Aca2-3Galb1-4Glcb-Sp0,7.607225,8.557275,-5.708875,14.18325,414.584375
Neu5Acα2-3Galβ1-4Glcβ-Sp8,Neu5Aca2-3Galb1-4Glcb-Sp8,Neu5Aca2-3Galb1-4Glcb-Sp8,19.448875,14.7818,9.066275,6.306925,-12.487575
Neu5Acα2-6GalNAcα-Sp8,Neu5Aca2-6GalNAca-Sp8,Neu5Aca2-6GalNAca-Sp8,11.0516,7.822475,0.273525,3.226225,7.612075
Neu5Acα2-6GalNAcβ1-4GlcNAcβ-Sp0,Neu5Aca2-6GalNAcb1-4GlcNAcb-Sp0,Neu5Aca2-6GalNAcb1-4GlcNAcb-Sp0,5.192925,15.73885,-1.8599,17.6851,15.611875
Neu5Acα2-6Galβ1-4[6OSO3]GlcNAcβ-Sp8,Neu5Aca2-6Galb1-4[6OSO3]GlcNAcb-Sp8,Neu5Aca2-6Galb1-4(6S)GlcNAcb-Sp8,3.9161,7.9552,14.816425,32.384225,54.571125
Neu5Acα2-6Galβ1-4GlcNAcβ-Sp0,Neu5Aca2-6Galb1-4GlcNAcb-Sp0,Neu5Aca2-6Galb1-4GlcNAcb-Sp0,7.65365,11.26425,7.287525,8.734525,1.50335
Neu5Acα2-6Galβ1-4GlcNAcβ-Sp8,Neu5Aca2-6Galb1-4GlcNAcb-Sp8,Neu5Aca2-6Galb1-4GlcNAcb-Sp8,9.425125,0.31675,-3.594175,-7.337525,5.0558
Neu5Acα2-6Galβ1-4GlcNAcβ1-3Galβ1-4(Fucα1-3)GlcNAcβ1-3Galβ1-4(Fucα1-3)GlcNAcβ-Sp0,Neu5Aca2-6Galb1-4GlcNAcb1-3Galb1-4(Fuca1-3)GlcNAcb1-3Galb1-4(Fuca1-3)GlcNAcb-Sp0,Neu5Aca2-6Galb1-4GlcNAcb1-3Galb1-4(Fuca1-3)GlcNAcb1-3Galb1-4(Fuca1-3)GlcNAcb-Sp0,15.514825,5.645625,35.152025,410.6085,2343.16085
Neu5Acα2-6Galβ1-4GlcNAcβ1-3Galβ1-4GlcNAcβ-Sp0,Neu5Aca2-6Galb1-4GlcNAcb1-3Galb1-4GlcNAcb-Sp0,Neu5Aca2-6Galb1-4GlcNAcb1-3Galb1-4GlcNAcb-Sp0,39.772475,6.175475,9.26815,36.794975,156.9002
Neu5Acα2-6Galβ1-4Glcβ-Sp0,Neu5Aca2-6Galb1-4Glcb-Sp0,Neu5Aca2-6Galb1-4Glcb-Sp0,12.8141,29.1588,34.691025,55.640075,93.96175
Neu5Acα2-6Galβ1-4Glcβ-Sp8,Neu5Aca2-6Galb1-4Glcb-Sp8,Neu5Aca2-6Galb1-4Glcb-Sp8,22.5097,18.895925,7.193025,47.481425,60.273825
Neu5Acα2-6Galβ-Sp8,Neu5Aca2-6Galb-Sp8,Neu5Aca2-6Galb-Sp8,14.696925,10.739725,5.641925,25.463025,41.204475
Neu5Acα2-8Neu5Acα-Sp8,Neu5Aca2-8Neu5Aca-Sp8,Neu5Aca2-8Neu5Aca-Sp8,9.8297,3.801975,11.8475,15.72205,83.1959
Neu5Acα2-8Neu5Acα2-3Galβ1-4Glcβ-Sp0,Neu5Aca2-8Neu5Aca2-3Galb1-4Glcb-Sp0,Neu5Aca2-8Neu5Aca2-3Galb1-4Glcb-Sp0,12.206175,9.2395,2.223775,25.3588,56.93845
Galβ1-3(Fucα1-4)GlcNAcβ1-3Galβ1-3(Fucα1-4)GlcNAcβ-Sp0,Galb1-3(Fuca1-4)GlcNAcb1-3Galb1-3(Fuca1-4)GlcNAcb-Sp0,Galb1-3(Fuca1-4)GlcNAcb1-3Galb1-3(Fuca1-4)GlcNAcb-Sp0,1.729075,4.67575,13.52465,18.36405,6.39875
Neu5Acβ2-6GalNAcα-Sp8,Neu5Acb2-6GalNAca-Sp8,Neu5Acb2-6GalNAca-Sp8,8.9945,7.459675,40.838325,41.120925,9.4811
Neu5Acβ2-6Galβ1-4GlcNAcβ-Sp8,Neu5Acb2-6Galb1-4GlcNAcb-Sp8,Neu5Acb2-6Galb1-4GlcNAcb-Sp8,9.123775,3.03765,7.612625,21.815075,30.66575
Neu5Gcα2-3Galβ1-3(Fucα1-4)GlcNAcβ-Sp0,Neu5Gca2-3Galb1-3(Fuca1-4)GlcNAcb-Sp0,Neu5Gca2-3Galb1-3(Fuca1-4)GlcNAcb-Sp0,0.687225,20.2366,12.21465,32.22895,255.1901
Neu5Gcα2-3Galβ1-3GlcNAcβ-Sp0,Neu5Gca2-3Galb1-3GlcNAcb-Sp0,Neu5Gca2-3Galb1-3GlcNAcb-Sp0,5.1631,-2.102725,-4.69985,31.60545,144.073
Neu5Gcα2-3Galβ1-4(Fucα1-3)GlcNAcβ-Sp0,Neu5Gca2-3Galb1-4(Fuca1-3)GlcNAcb-Sp0,Neu5Gca2-3Galb1-4(Fuca1-3)GlcNAcb-Sp0,-1.10785,2.343675,9.020575,20.9754,30.43235
Neu5Gcα2-3Galβ1-4GlcNAcβ-Sp0,Neu5Gca2-3Galb1-4GlcNAcb-Sp0,Neu5Gca2-3Galb1-4GlcNAcb-Sp0,7.820425,5.14785,18.3875,90.42115,604.500825
Neu5Gcα2-3Galβ1-4Glcβ-Sp0,Neu5Gca2-3Galb1-4Glcb-Sp0,Neu5Gca2-3Galb1-4Glcb-Sp0,9.4202,22.504675,1.847525,7.72315,7.402075
Neu5Gcα2-6GalNAcα-Sp0,Neu5Gca2-6GalNAca-Sp0,Neu5Gca2-6GalNAca-Sp0,19.7307,26.803875,38.967825,32.2973,47.568975
Neu5Gcα2-6Galβ1-4GlcNAcβ-Sp0,Neu5Gca2-6Galb1-4GlcNAcb-Sp0,Neu5Gca2-6Galb1-4GlcNAcb-Sp0,8.21785,21.59325,10.333525,77.59815,42.700325
Neu5Gcα-Sp8,Neu5Gca-Sp8,Neu5Gca-Sp8,10.5555,0.822425,2.089825,110.243075,790.5711
Galβ1-3(Neu5Acα2-3Galβ1-4GlcNAcβ1-6)GalNAcα-Sp14,Galb1-3(Neu5Aca2-3Galb1-4GlcNAcb1-6)GalNAca-Sp14,Neu5Aca2-3Galb1-4GlcNAcb1-6(Galb1-3)GalNAca-Sp14,8.33375,34.54,176.816675,5939.229775,29713.42323
,Galb1-3GalNAca-Sp14,,,,,,
Galβ1-3GlcNAcβ1-3Galβ1-3GlcNAcβ-Sp0,Galb1-3GlcNAcb1-3Galb1-3GlcNAcb-Sp0,Galb1-3GlcNAcb1-3Galb1-3GlcNAcb-Sp0,252.014425,24.174575,24.3026,99.6453,415.6862
Galβ1-4(Fucα1-3)[6OSO3]GlcNAc-Sp0,Galb1-4(Fuca1-3)[6OSO3]GlcNAc-Sp0 ,Galb1-4(Fuca1-3)(6S)GlcNAcb-Sp0 ,9.5424,19.313225,33.4984,58.571775,167.20175
Galβ1-4(Fucα1-3)[6OSO3]Glc-Sp0,Galb1-4(Fuca1-3)[6OSO3]Glc-Sp0,Galb1-4(Fuca1-3)(6S)Glcb-Sp0,30.609625,23.98065,20.270275,41.191175,63.7949
Galβ1-4(Fucα1-3)GlcNAcβ1-3Galβ1-3(Fucα1-4)GlcNAcβ-Sp0,Galb1-4(Fuca1-3)GlcNAcb1-3Galb1-3(Fuca1-4)GlcNAcb-Sp0,Galb1-4(Fuca1-3)GlcNAcb1-3Galb1-3(Fuca1-4)GlcNAcb-Sp0,19.2361,26.869225,114.9891,2717.949925,7339.094525
Galβ1-4GlcNAcβ1-3Galβ1-3GlcNAcβ-Sp0,Galb1-4GlcNAcb1-3Galb1-3GlcNAcb-Sp0,Galb1-4GlcNAcb1-3Galb1-3GlcNAcb-Sp0,91.2889,22.371425,146.040275,2939.6105,8411.918275
Neu5Acα2-3Galβ1-3GlcNAcβ1-3Galβ1-3GlcNAcβ-Sp0,Neu5Aca2-3Galb1-3GlcNAcb1-3Galb1-3GlcNAcb-Sp0       ,Neu5Aca2-3Galb1-3GlcNAcb1-3Galb1-3GlcNAcb-Sp0       ,159.37335,13.269225,4.265525,44.028675,111.785425
Neu5Acα2-3Galβ1-4GlcNAcβ1-3Galβ1-3GlcNAcβ-Sp0,Neu5Aca2-3Galb1-4GlcNAcb1-3Galb1-3GlcNAcb-Sp0,Neu5Aca2-3Galb1-4GlcNAcb1-3Galb1-3GlcNAcb-Sp0,9.07875,8.14305,15.310675,13.5673,9.52635
[3OSO3][4OSO3]Galβ1-4GlcNAcβ-Sp0,[3OSO3][4OSO3]Galb1-4GlcNAcb-Sp0,4S(3S)Galb1-4GlcNAcb-Sp0,5.466275,20.7301,9.241725,25.46755,49.444625
[6OSO3]Galβ1-4[6OSO3]GlcNAcβ-Sp0,[6OSO3]Galb1-4[6OSO3]GlcNAcb-Sp0,(6S)Galb1-4(6S)GlcNAcb-Sp0,7.76195,11.7969,3.492325,3.966275,64.937975
6-H2PO3Glcβ-Sp10,6-H2PO3Glcb-Sp10,(6P)Glcb-Sp10,18.862125,19.199275,21.3064,55.2598,132.87815
Galβ1-3(Neu5Acα2-3Galβ1-4(Fucα1-3)GlcNAcβ1-6)GalNAcα-Sp14,Gala1-3(Fuca1-2)Galb-Sp18,Neu5Aca2-3Galb1-4(Fuca1-3)GlcNAcb1-6(Galb1-3)GalNAca-Sp14,9.6126,12.588175,103.253225,4552.52305,13382.43923
,Galb1-3(Neu5Aca2-3Galb1-4(Fuca1-3)GlcNAcb1-6)GalNAca-Sp14,,,,,,
Galβ1-3Galβ1-4GlcNAcβ-Sp8,Galb1-3Galb1-4GlcNAcb-Sp8,Galb1-3Galb1-4GlcNAcb-Sp8,124.0671,10.759225,11.793925,20.52705,78.04815
Galβ1-4GlcNAcβ1-2Manα1-3(Neu5Acα2-6Galβ1-4GlcNAcβ1-2Manα1-6)Manβ1-4GlcNAcβ1-4GlcNAcβ-Sp12,Galb1-4GlcNAcb1-2Mana1-3(Neu5Aca2-6Galb1-4GlcNAcb1-2Mana1-6)Manb1-4GlcNAcb1-4GlcNAcb-Sp12,Neu5Aca2-6Galb1-4GlcNAcb1-2Mana1-6(Galb1-4GlcNAcb1-2Mana1-3)Manb1-4GlcNAcb1-4GlcNAcb-Sp12,13.844825,18.5749,14.1762,45.446575,625.373375
Galβ1-4GlcNAcβ1-3(Galβ1-4GlcNAcβ1-6)Galβ1-4GlcNAc-Sp0,Galb1-4GlcNAcb1-3(Galb1-4GlcNAcb1-6)Galb1-4GlcNAc-Sp0,Galb1-4GlcNAcb1-6(Galb1-4GlcNAcb1-3)Galb1-4GlcNAc-Sp0,11.6745,11.60855,13.59585,34.13815,737.609825
Galβ1-4GlcNAcβ1-3(GlcNAcβ1-6)Galβ1-4GlcNAc-Sp0,Galb1-4GlcNAcb1-3(GlcNAcb1-6)Galb1-4GlcNAc-Sp0,GlcNAcb1-6(Galb1-4GlcNAcb1-3)Galb1-4GlcNAc-Sp0,10.46505,11.2638,5.908925,30.135375,614.612525
Galβ1-4GlcNAcα1-6Galβ1-4GlcNAcβ-Sp0,Galb1-4GlcNAca1-6Galb1-4GlcNAcb-Sp0,Galb1-4GlcNAca1-6Galb1-4GlcNAcb-Sp0,7.7205,6.887425,11.0713,15.334725,1136.952525
Galβ1-4GlcNAcβ1-6Galβ1-4GlcNAcβ-Sp0,Galb1-4GlcNAcb1-6Galb1-4GlcNAcb-Sp0,Galb1-4GlcNAcb1-6Galb1-4GlcNAcb-Sp0,9.944225,33.61295,230.73705,5978.21035,27823.27718
GalNAcβ1-3Galβ-Sp8,GalNAca-Sp15,GalNAcb1-3Galb-Sp8,316.04835,-4.058975,-0.07515,-2.72045,-10.372925
GlcAβ1-3GlcNAcβ-Sp8,GalNAcb1-3Galb-Sp8,GlcAb1-3GlcNAcb-Sp8,9.090575,15.833,3.656375,8.2447,11.10035
,GlcAb1-3GlcNAcb-Sp8,,,,,,
GlcNAcβ1-2Manα1-3(Neu5Acα2-6Galβ1-4GlcNAcβ1-2Manα1-6)Manβ1-4GlcNAcβ1-4GlcNAcβ-Sp12,GlcNAcb1-2Mana1-3(Neu5Aca2-6Galb1-4GlcNAcb1-2Mana1-6)Manb1-4GlcNAcb1-4GlcNAcb-Sp12,Neu5Aca2-6Galb1-4GlcNAcb1-2Mana1-6(GlcNAcb1-2Mana1-3)Manb1-4GlcNAcb1-4GlcNAcb-Sp12,8.273325,6.926175,10.184975,18.26875,52.28095
,GlcNAcb1-2Mana1-3(GlcNAcb1-2Mana1-6)Manb1-4GlcNAcb1-4GlcNAcb-Sp12,,,,,,
GlcNAcβ1-3Man-Sp10,GlcNAcb1-3Man-Sp10,GlcNAcb1-3Man-Sp10,16.646525,9.706075,-0.0609,4.3899,10.422775
GlcNAcβ1-4GlcNAcβ-Sp10,GlcNAcb1-4GlcNAcb-Sp10,GlcNAcb1-4GlcNAcb-Sp10,11.519525,3.13155,3.937125,-4.88455,6.218775
GlcNAcβ1-4GlcNAcβ-Sp12,GlcNAcb1-4GlcNAcb-Sp12,GlcNAcb1-4GlcNAcb-Sp12,11.7604,17.8555,2.57435,9.450925,32.5035
HOOC(CH3)CH-3-O-GlcNAcβ1-4GlcNAcβ-Sp10,HOOC(CH3)CH-3-O-GlcNAcb1-4GlcNAcb-Sp10,MurNAcb1-4GlcNAcb-Sp10,13.690075,17.44895,6.31065,17.1433,42.1206
Manα1-6Manβ-Sp10,Mana1-6Manb-Sp10,Mana1-6Manb-Sp10,16.192875,12.213025,7.323125,23.68225,31.380025
Manα1-6(Manα1-3)Manα1-6(Manα1-3)Manβ-Sp10,Mana1-6(Mana1-3)Mana1-6(Mana1-3)Manb-Sp10,Mana1-6(Mana1-3)Mana1-6(Mana1-3)Manb-Sp10,4.4529,23.589775,9.177275,12.92615,15.880625
Manα1-2Manα1-2Manα1-3(Manα1-2Manα1-6(Manα1-3)Manα1-6)Manα-Sp9,Mana1-2Mana1-2Mana1-3(Mana1-2Mana1-6(Mana1-3)Mana1-6)Mana-Sp9,Mana1-2Mana1-6(Mana1-3)Mana1-6(Mana1-2Mana1-2Mana1-3)Mana-Sp9,1.9982,8.964225,3.270725,7.436175,12.081675
Manα1-2Manα1-2Manα1-3(Manα1-2Manα1-6(Manα1-2Manα1-3)Manα1-6)Manα-Sp9,Mana1-2Mana1-2Mana1-3(Mana1-2Mana1-6(Mana1-2Mana1-3)Mana1-6)Mana-Sp9,Mana1-2Mana1-6(Mana1-2Mana1-3)Mana1-6(Mana1-2Mana1-2Mana1-3)Mana-Sp9,12.765725,11.384075,4.5474,28.309225,59.934025
Neu5Acα2-3Galβ1-3(Neu5Acα2-3Galβ1-4GlcNAcβ1-6)GalNAcα-Sp14,Neu5Aca2-3Galb1-3(Neu5Aca2-3Galb1-4GlcNAcb1-6)GalNAca-Sp14,Neu5Aca2-3Galb1-4GlcNAcb1-6(Neu5Aca2-3Galb1-3)GalNAca-Sp14,7.6325,9.007825,2.278675,9.1751,4.856375
Neu5Acα2-3Galβ1-4GlcNAcβ1-2Manα1-3(Neu5Acα2-6Galβ1-4GlcNAcβ1-2Manα1-6)Manβ1-4GlcNAcβ1-4GlcNAcβ-Sp12,Neu5Aca2-3Galb1-3(Neu5Aca2-6)GalNAca-Sp14,Neu5Aca2-6Galb1-4GlcNAcb1-2Mana1-6(Neu5Aca2-3Galb1-4GlcNAcb1-2Mana1-3)Manb1-4GlcNAcb1-4GlcNAcb-Sp12,7.7357,4.568575,10.158325,13.62095,31.578425
,Neu5Aca2-3Galb1-3GalNAca-Sp14,,,,,,
,Neu5Aca2-3Galb1-4GlcNAcb1-2Mana1-3(Neu5Aca2-6Galb1-4GlcNAcb1-2Mana1-6)Manb1-4GlcNAcb1-4GlcNAcb-Sp12,,,,,,
Neu5Acα2-6Galβ1-4GlcNAcβ1-2Manα1-3(Galβ1-4GlcNAcβ1-2Manα1-6)Manβ1-4GlcNAcβ1-4GlcNAcβ-Sp12,Neu5Aca2-6Galb1-4GlcNAcb1-2Mana1-3(Galb1-4GlcNAcb1-2Mana1-6)Manb1-4GlcNAcb1-4GlcNAcb-Sp12,Galb1-4GlcNAcb1-2Mana1-6(Neu5Aca2-6Galb1-4GlcNAcb1-2Mana1-3)Manb1-4GlcNAcb1-4GlcNAcb-Sp12,17.200625,5.67705,11.1442,12.94725,27.57515
Neu5Acα2-6Galβ1-4GlcNAcβ1-2Manα1-3(GlcNAcβ1-2Manα1-6)Manβ1-4GlcNAcβ1-4GlcNAcβ-Sp12,Neu5Aca2-6Galb1-4GlcNAcb1-2Mana1-3(GlcNAcb1-2Mana1-6)Manb1-4GlcNAcb1-4GlcNAcb-Sp12,GlcNAcb1-2Mana1-6(Neu5Aca2-6Galb1-4GlcNAcb1-2Mana1-3)Manb1-4GlcNAcb1-4GlcNAcb-Sp12,3.853,6.9476,6.467175,7.162925,22.1115
Neu5Acα2-8Neu5Acβ-Sp17,Neu5Aca2-8Neu5Acb-Sp17,Neu5Aca2-8Neu5Acb-Sp17,11.184025,0.55325,-7.165475,4.7335,2.33965
Neu5Acα2-8Neu5Acα2-8Neu5Acβ-Sp8,Neu5Aca2-8Neu5Aca2-8Neu5Acb-Sp8,Neu5Aca2-8Neu5Aca2-8Neu5Acb-Sp8,2.50055,10.945675,3.293675,5.985725,5.640925
Neu5Gcβ2-6Galβ1-4GlcNAc-Sp8,Neu5Gcb2-6Galb1-4GlcNAc-Sp8,Neu5Gcb2-6Galb1-4GlcNAc-Sp8,12.13275,9.8557,23.47035,466.664225,1747.065425
Galβ1-3GlcNAcβ1-2Manα1-3(Galβ1-3GlcNAcβ1-2Manα1-6)Manβ1-4GlcNAcβ1-4GlcNAcβ-Sp19,Galb1-3GlcNAcb1-2Mana1-3(Galb1-3GlcNAcb1-2Mana1-6)Manb1-4GlcNAcb1-4GlcNAcb-Sp19,Galb1-3GlcNAcb1-2Mana1-6(Galb1-3GlcNAcb1-2Mana1-3)Manb1-4GlcNAcb1-4GlcNAcb-Sp19,15.429575,4.94945,9.934725,2.3007,45.029625
Neu5Acα2-3Galβ1-4GlcNAcβ1-2Manα1-3(Neu5Acα2-3Galβ1-4GlcNAcβ1-2Manα1-6)Manβ1-4GlcNAcβ1-4GlcNAcβ-Sp12,Neu5Aca2-3Galb1-4GlcNAcb1-2Mana1-3(Neu5Aca2-3Galb1-4GlcNAcb1-2Mana1-6)Manb1-4GlcNAcb1-4GlcNAcb-Sp12,Neu5Aca2-3Galb1-4GlcNAcb1-2Mana1-6(Neu5Aca2-3Galb1-4GlcNAcb1-2Mana1-3)Manb1-4GlcNAcb1-4GlcNAcb-Sp12,7.04045,4.721825,14.088275,9.37295,39.784575
Neu5Acα2-6Galβ1-4GlcNAcβ1-2Manα1-3(Neu5Acα2-3Galβ1-4GlcNAcβ1-2Manα1-6)Manβ1-4GlcNAcβ1-4GlcNAcβ-Sp12,Neu5Aca2-6Galb1-4GlcNAcb1-2Mana1-3(Neu5Aca2-3Galb1-4GlcNAcb1-2Mana1-6)Manb1-4GlcNAcb1-4GlcNAcb-Sp12,Neu5Aca2-3Galb1-4GlcNAcb1-2Mana1-6(Neu5Aca2-6Galb1-4GlcNAcb1-2Mana1-3)Manb1-4GlcNAcb1-4GlcNAcb-Sp12,-4.24185,5.96275,15.808575,60.365725,98.993775
Fucα1-3(Galβ1-4)GlcNAcβ1-2Manα1-3(Fucα1-3(Galβ1-4)GlcNAcβ1-2Manα1-6)Manβ1-4GlcNAcβ1-4GlcNAcβ-Sp20,Fuca1-3(Galb1-4)GlcNAcb1-2Mana1-3(Fuca1-3(Galb1-4)GlcNAcb1-2Mana1-6)Manb1-4GlcNAcb1-4GlcNAcb-Sp20,Galb1-4(Fuca1-3)GlcNAcb1-2Mana1-6(Galb1-4(Fuca1-3)GlcNAcb1-2Mana1-3)Manb1-4GlcNAcb1-4GlcNAcb-Sp20,3.201375,19.976625,22.32545,67.391525,130.74415
Neu5Ac(9Ac)a2-3Galβ1-4GlcNAcβ-Sp0,Neu5Ac(9Ac)a2-3Galb1-4GlcNAcb-Sp0,"Neu5,9Ac2a2-3Galb1-4GlcNAcb-Sp0",10.451475,2.833375,3.232725,26.884775,259.261275
Neu5Ac(9Ac)a2-3Galβ1-4GlcNAcβ-Sp0,Neu5Ac(9Ac)a2-3Galb1-4GlcNAcb-Sp0,"Neu5,9Ac2a2-3Galb1-4GlcNAcb-Sp0",11.143325,2.833375,3.232725,26.884775,259.261275
Neu5Ac(9Ac)a2-3Galβ1-3GlcNAcβ-Sp0,Neu5Ac(9Ac)a2-3Galb1-3GlcNAcb-Sp0,"Neu5,9Ac2a2-3Galb1-4GlcNAcb-Sp0",10.451475,2.220625,153.2339,5903.84985,21515.87163
Neu5Ac(9Ac)a2-3Galβ1-3GlcNAcβ-Sp0,Neu5Ac(9Ac)a2-3Galb1-3GlcNAcb-Sp0,"Neu5,9Ac2a2-3Galb1-4GlcNAcb-Sp0",11.143325,2.220625,153.2339,5903.84985,21515.87163
Neu5Acα2-6Galβ1-4GlcNAcβ1-3Galβ1-3GlcNAcβ-Sp0,Neu5Aca2-6Galb1-4GlcNAcb1-3Galb1-3GlcNAcb-Sp0,Neu5Aca2-6Galb1-4GlcNAcb1-3Galb1-3GlcNAcb-Sp0,313.73835,0.972375,-2.8544,1.340925,6.68965
Neu5Acα2-3Galβ1-3(Fucα1-4)GlcNAcβ1-3Galβ1-3(Fucα1-4)GlcNAcβ-Sp0,Neu5Aca2-3Galb1-3(Fuca1-4)GlcNAcb1-3Galb1-3(Fuca1-4)GlcNAcb-Sp0,Neu5Aca2-3Galb1-3(Fuca1-4)GlcNAcb1-3Galb1-3(Fuca1-4)GlcNAcb-Sp0,8.849175,11.999575,17.955625,691.197075,4216.3224
Neu5Acα2-6Galβ1-4GlcNAcβ1-3Galβ1-4GlcNAcβ1-3Galβ1-4GlcNAcβ-Sp0,Neu5Aca2-6Galb1-4GlcNAcb1-3Galb1-4GlcNAcb1-3Galb1-4GlcNAcb-Sp0,Neu5Aca2-6Galb1-4GlcNAcb1-3Galb1-4GlcNAcb1-3Galb1-4GlcNAcb-Sp0,79.5857,25.877625,167.964425,3514.42495,19526.01978
Galα1-4Galβ1-4GlcNAcβ1-3Galβ1-4Glcβ-Sp0,Gala1-4Galb1-4GlcNAcb1-3Galb1-4Glcb-Sp0,Gala1-4Galb1-4GlcNAcb1-3Galb1-4Glcb-Sp0,263.14665,4.70635,132.943675,3589.514725,17688.01858
GalNAcβ1-3Galα1-4Galβ1-4GlcNAcβ1-3Galβ1-4Glcβ-Sp0,GalNAcb1-3Gala1-4Galb1-4GlcNAcb1-3Galb1-4Glcb-Sp0,GalNAcb1-3Gala1-4Galb1-4GlcNAcb1-3Galb1-4Glcb-Sp0,367.663225,23.83955,502.065375,8770.30385,34640.3877
GalNAcα1-3(Fucα1-2)Galβ1-4GlcNAcβ1-3Galβ1-4GlcNAcβ-Sp0,GalNAca1-3(Fuca1-2)Galb1-4GlcNAcb1-3Galb1-4GlcNAcb-Sp0,GalNAca1-3(Fuca1-2)Galb1-4GlcNAcb1-3Galb1-4GlcNAcb-Sp0,319.6918,56.1893,289.790675,4462.8148,25091.94575
GalNAcα1-3(Fucα1-2)Galβ1-4GlcNAcβ1-3Galβ1-4GlcNAcβ1-3Galβ1-4GlcNAcβ-Sp0,GalNAca1-3(Fuca1-2)Galb1-4GlcNAcb1-3Galb1-4GlcNAcb1-3Galb1-4GlcNAcb-Sp0,GalNAca1-3(Fuca1-2)Galb1-4GlcNAcb1-3Galb1-4GlcNAcb1-3Galb1-4GlcNAcb-Sp0,369.196625,20.58845,34.73485,89.434325,396.713375
Neu5Acα2-3-Galβ1-3(Galβ1-4(Fucα1-3)GlcNAcβ1-6)GalNAc-Sp14,(Neu5Aca2-3-Galb1-3)(((Neu5Aca2-3-Galb1-4(Fuca1-3))GlcNAcb1-6)GalNAc-Sp14,Neu5Aca2-3Galb1-4(Fuca1-3)GlcNAcb1-6(Neu5Aca2-3Galb1-3)GalNAc-Sp14,25.653375,19.562325,44.4529,1058.33285,5005.143975
GlcNAcα1-4Galβ1-4GlcNAcβ1-3Galβ1-4GlcNAcβ1-3Galβ1-4GlcNAcβ-Sp0,GlcNAca1-4Galb1-4GlcNAcb1-3Galb1-4GlcNAcb1-3Galb1-4GlcNAcb-Sp0,GlcNAca1-4Galb1-4GlcNAcb1-3Galb1-4GlcNAcb1-3Galb1-4GlcNAcb-Sp0,57.877875,17.781275,41.15005,74.629875,188.84775
GlcNAcα1-4Galβ1-4GlcNAcβ-Sp0,GlcNAca1-4Galb1-4GlcNAcb-Sp0,GlcNAca1-4Galb1-4GlcNAcb-Sp0,10.03935,8.981625,24.00585,14.4009,26.706225
GlcNAcα1-4Galβ1-3GlcNAcβ-Sp0,GlcNAca1-4Galb1-3GlcNAcb-Sp0,GlcNAca1-4Galb1-3GlcNAcb-Sp0,7.545025,93.548575,361.713475,7952.41115,25495.40613
GlcNAcα1-4Galβ1-4GlcNAcβ1-3Galβ1-4Glcβ-Sp0,GlcNAca1-4Galb1-4GlcNAcb1-3Galb1-4Glcb-Sp0,GlcNAca1-4Galb1-4GlcNAcb1-3Galb1-4Glcb-Sp0,287.0506,29.529925,49.21095,76.05545,118.78465
GlcNAcα1-4Galβ1-4GlcNAcβ1-3Galβ1-4(Fucα1-3)GlcNAcβ1-3Galβ1-4(Fucα1-3)GlcNAcβ-Sp0,GlcNAca1-4Galb1-4GlcNAcb1-3Galb1-4(Fuca1-3)GlcNAcb1-3Galb1-4(Fuca1-3)GlcNAcb-Sp0,GlcNAca1-4Galb1-4GlcNAcb1-3Galb1-4(Fuca1-3)GlcNAcb1-3Galb1-4(Fuca1-3)GlcNAcb-Sp0,17.179075,17.3866,65.583175,617.590275,4398.9589
GlcNAcα1-4Galβ1-4GlcNAcβ1-3Galβ1-4GlcNAcβ-Sp0,GlcNAca1-4Galb1-4GlcNAcb1-3Galb1-4GlcNAcb-Sp0,GlcNAca1-4Galb1-4GlcNAcb1-3Galb1-4GlcNAcb-Sp0,19.78585,6.225,21.03065,32.646875,67.1059
GlcNAcα1-4Galβ1-3GalNAc-Sp14,GlcNAca1-4Galb1-3GalNAc-Sp14,GlcNAca1-4Galb1-3GalNAc-Sp14,13.4488,9.2723,5.076575,4.26125,19.511325
Manα1-3(Neu5Acα2-6Galβ1-4GlcNAcβ1-2Manα1-6)Manβ1-4GlcNAcβ1-4GlcNAc-Sp12,Mana1-3(Neu5Aca2-6Galb1-4GlcNAcb1-2Mana1-6)Manb1-4GlcNAcb1-4GlcNAc-Sp12,Neu5Aca2-6Galb1-4GlcNAcb1-2Mana1-6(Mana1-3)Manb1-4GlcNAcb1-4GlcNAc-Sp12,8.59405,-61.73715,-90.658675,-87.363375,-87.662775
Neu5Acα2-6Galβ1-4GlcNAcβ1-2Manα1-3(Manα1-6)Manβ1-4GlcNAcβ1-4GlcNAc-Sp12,Neu5Aca2-6Galb1-4GlcNAcb1-2Mana1-3(Mana1-6)Manb1-4GlcNAcb1-4GlcNAc-Sp12,Mana1-6(Neu5Aca2-6Galb1-4GlcNAcb1-2Mana1-3)Manb1-4GlcNAcb1-4GlcNAc-Sp12,3.081525,6.23645,7.62755,3.991525,18.6157
Neu5Acα2-6Galβ1-4GlcNAcβ1-2Manα1-6Manβ1-4GlcNAcβ1-4GlcNAc-Sp12,Neu5Aca2-6Galb1-4GlcNAcb1-2Mana1-6Manb1-4GlcNAcb1-4GlcNAc-Sp12,Neu5Aca2-6Galb1-4GlcNAcb1-2Mana1-6Manb1-4GlcNAcb1-4GlcNAc-Sp12,8.5874,7.774275,6.379675,19.1422,25.9942
Neu5Acα2-6Galβ1-4GlcNAcβ1-2Manα1-3Manβ1-4GlcNAcβ1-4GlcNAc-Sp12,Neu5Aca2-6Galb1-4GlcNAcb1-2Mana1-3Manb1-4GlcNAcb1-4GlcNAc-Sp12,Neu5Aca2-6Galb1-4GlcNAcb1-2Mana1-3Manb1-4GlcNAcb1-4GlcNAc-Sp12,16.1674,15.568775,16.67425,33.937225,33.321675
Galβ1-4GlcNAcβ1-2Manα1-3Manβ1-4GlcNAcβ1-4GlcNAc-Sp12,Galb1-4GlcNAcb1-2Mana1-3Manb1-4GlcNAcb1-4GlcNAc-Sp12,Galb1-4GlcNAcb1-2Mana1-3Manb1-4GlcNAcb1-4GlcNAc-Sp12,21.13015,3.5279,11.41025,18.617675,21.644825
Galβ1-4GlcNAcβ1-2Manα1-6Manβ1-4GlcNAcβ1-4GlcNAc-Sp12,Galb1-4GlcNAcb1-2Mana1-6Manb1-4GlcNAcb1-4GlcNAc-Sp12,Galb1-4GlcNAcb1-2Mana1-6Manb1-4GlcNAcb1-4GlcNAc-Sp12,5.354475,13.23125,32.763675,83.82115,117.780025
Galβ1-4GlcNAcβ1-2Manα1-3(Manα1-6)Manβ1-4GlcNAcβ1-4GlcNAcβ-Sp12,Galb1-4GlcNAcb1-2Mana1-3(Mana1-6)Manb1-4GlcNAcb1-4GlcNAcb-Sp12,Mana1-6(Galb1-4GlcNAcb1-2Mana1-3)Manb1-4GlcNAcb1-4GlcNAcb-Sp12,13.2971,23.78545,14.5657,49.951675,129.554325
GlcNAcβ1-2Manα1-3(GlcNAcβ1-2Manα1-6)Manβ1-4GlcNAcβ1-4(Fucα1-6)GlcNAcβ-Sp22,GlcNAcb1-2Mana1-3(GlcNAcb1-2Mana1-6)Manb1-4GlcNAcb1-4(Fuca1-6)GlcNAcb-Sp22,GlcNAcb1-2Mana1-6(GlcNAcb1-2Mana1-3)Manb1-4GlcNAcb1-4(Fuca1-6)GlcNAcb-Sp22,10.831825,3.9913,2.785,50.465525,152.619475
Galβ1-4GlcNAcβ1-2Manα1-3(Galβ1-4GlcNAcβ1-2Manα1-6)Manβ1-4GlcNAcβ1-4(Fucα1-6)GlcNAcβ-Sp22,Galb1-4GlcNAcb1-2Mana1-3(Galb1-4GlcNAcb1-2Mana1-6)Manb1-4GlcNAcb1-4(Fuca1-6)GlcNAcb-Sp22,Galb1-4GlcNAcb1-2Mana1-6(Galb1-4GlcNAcb1-2Mana1-3)Manb1-4GlcNAcb1-4(Fuca1-6)GlcNAcb-Sp22,7.307725,-56.984975,-59.747725,-102.736675,553.7841
Galβ1-3GlcNAcβ1-2Manα1-3(Galβ1-3GlcNAcβ1-2Manα1-6)Manβ1-4GlcNAcβ1-4(Fucα1-6)GlcNAcβ-Sp22,Galb1-3GlcNAcb1-2Mana1-3(Galb1-3GlcNAcb1-2Mana1-6)Manb1-4GlcNAcb1-4(Fuca1-6)GlcNAcb-Sp22,Galb1-3GlcNAcb1-2Mana1-6(Galb1-3GlcNAcb1-2Mana1-3)Manb1-4GlcNAcb1-4(Fuca1-6)GlcNAcb-Sp22,16.026875,-44.420525,-62.4832,-135.7746,-161.7606
Galβ1-3(Fucα1-4)GlcNAcβ1-2Manα1-3(Galβ1-3(Fucα1-4)GlcNAcβ1-2Manα1-6)Manβ1-4GlcNAcβ1-4GlcNAcβ-Sp19,Galb1-3(Fuca1-4)GlcNAcb1-2Mana1-3(Galb1-3(Fuca1-4)GlcNAcb1-2Mana1-6)Manb1-4GlcNAcb1-4GlcNAcb-Sp19,,,16.2648,20.17475,101.228625,266.31005
[6OSO3]GlcNAcβ1-3Galβ1-4GlcNAc-β-Sp0,[6OSO3]GlcNAcb1-3Gal b1-4GlcNAc-b-Sp0,(6S)GlcNAcb1-3Galb1-4GlcNAcb-Sp0,5.066775,17.145225,7.253725,22.0301,42.37515
KDNα2-3Galβ1-4(Fucα1-3)GlcNAc-Sp0,KDNa2-3Galb1-4(Fuca1-3)GlcNAc-Sp0,KDNa2-3Galb1-4(Fuca1-3)GlcNAc-Sp0,-0.6578,-64.027475,-75.315,-138.879425,-224.189425
KDNα2-6Galβ1-4GlcNAc-Sp0,KDNa2-6Galb1-4GlcNAc-Sp0,KDNa2-6Galb1-4GlcNAc-Sp0,6.622325,14.518375,4.633175,38.050475,146.99085
KDNα2-3Galβ1-4Glc-Sp0,KDNa2-3Galb1-4Glc-Sp0,KDNa2-3Galb1-4Glc-Sp0,10.401475,26.569025,70.143725,1425.395975,5290.3524
KDNα2-3Galβ1-3GalNAcα-Sp14,KDNa2-3Galb1-3GalNAca-Sp14,KDNa2-3Galb1-3GalNAca-Sp14,7.16835,16.64245,22.26025,175.6537,1579.5097
Fucα1-2Galβ1-3GlcNAcβ1-2Manα1-3(Fucα1-2Galβ1-3GlcNAcβ1-2Manα1-6)Manβ1-4GlcNAcβ1-4GlcNAcβ-Sp20,Fuca1-2Galb1-3GlcNAcb1-2Mana1-3(Fuca1-2Galb1-3GlcNAcb1-2Mana1-6)Manb1-4GlcNAcb1-4GlcNAcb-Sp20,Fuca1-2Galb1-3GlcNAcb1-2Mana1-6(Fuca1-2Galb1-3GlcNAcb1-2Mana1-3)Manb1-4GlcNAcb1-4GlcNAcb-Sp20,11.9737,34.051475,82.871075,161.877825,654.58265
Fucα1-2Galβ1-4GlcNAcβ1-2Manα1-3(Fucα1-2Galβ1-4GlcNAcβ1-2Manα1-6)Manβ1-4GlcNAcβ1-4GlcNAcβ-Sp20,Fuca1-2Galb1-4GlcNAcb1-2Mana1-3(Fuca1-2Galb1-4GlcNAcb1-2Mana1-6)Manb1-4GlcNAcb1-4GlcNAcb-Sp20,Fuca1-2Galb1-4GlcNAcb1-2Mana1-6(Fuca1-2Galb1-4GlcNAcb1-2Mana1-3)Manb1-4GlcNAcb1-4GlcNAcb-Sp20,17.8358,19.513175,44.407175,895.669925,4203.920975
Fucα1-2Galβ1-4(Fucα1-3)GlcNAcβ1-2Manα1-3(Fucα1-2Galβ1-4(Fucα1-3)GlcNAcβ1-2Manα1-6)Manβ1-4GlcNAcβ1-4GlcNAβ-Sp20,Fuca1-2Galb1-4(Fuca1-3)GlcNAcb1-2Mana1-3(Fuca1-2Galb1-4(Fuca1-3)GlcNAcb1-2Mana1-6)Manb1-4GlcNAcb1-4GlcNAb-Sp20,Fuca1-2Galb1-4(Fuca1-3)GlcNAcb1-2Mana1-6(Fuca1-2Galb1-4(Fuca1-3)GlcNAcb1-2Mana1-3)Manb1-4GlcNAcb1-4GlcNAb-Sp20,16.03515,13.615275,11.238825,10.26655,2.8036
Galα1-3Galβ1-4GlcNAcβ1-2Manα1-3(Galα1-3Galβ1-4GlcNAcβ1-2Manα1-6)Manβ1-4GlcNAcβ1-4GlcNAcβ-Sp20,Gala1-3Galb1-4GlcNAcb1-2Mana1-3(Gala1-3Galb1-4GlcNAcb1-2Mana1-6)Manb1-4GlcNAcb1-4GlcNAcb-Sp20,Gala1-3Galb1-4GlcNAcb1-2Mana1-6(Gala1-3Galb1-4GlcNAcb1-2Mana1-3)Manb1-4GlcNAcb1-4GlcNAcb-Sp20,5.9662,22.044025,31.0536,88.09215,128.369975
Manα1-3(Galβ1-4GlcNAcβ1-2Manα1-6)Manβ1-4GlcNAcβ1-4GlcNAcβ-Sp12,Mana1-3(Galb1-4GlcNAcb1-2Mana1-6)Manb1-4GlcNAcb1-4GlcNAcb-Sp12,Galb1-4GlcNAcb1-2Mana1-6(Mana1-3)Manb1-4GlcNAcb1-4GlcNAcb-Sp12,12.1947,13.9368,10.046825,1.949625,3.769225
Galβ1-3(Fucα1-4)GlcNAcβ1-2Manα1-3(Galβ1-3(Fucα1-4)GlcNAcβ1-2Manα1-6)Manβ1-4GlcNAcβ1-4(Fucα1-6)GlcNAcβ-Sp22,Galb1-3(Fuca1-4)GlcNAcb1-2Mana1-3(Galb1-3(Fuca1-4)GlcNAcb1-2Mana1-6)Manb1-4GlcNAcb1-4(Fuca1-6)GlcNAcb-Sp22,Fuca1-4(Galb1-3)GlcNAcb1-2Mana1-6(Fuca1-4(Galb1-3)GlcNAcb1-2Mana1-3)Manb1-4GlcNAcb1-4(Fuca1-6)GlcNAcb-Sp22,10.619625,4.692625,3.7013,3.939675,1.433375
Neu5Acα2-6GlcNAcβ1-4GlcNAc-Sp21,Neu5Aca2-6GlcNAcb1-4GlcNAc-Sp21,Neu5Aca2-6GlcNAcb1-4GlcNAc-Sp21,6.3187,15.191475,19.502475,772.908475,2355.1161
Neu5Acα2-6GlcNAcβ1-4GlcNAcβ1-4GlcNAc-Sp21,Neu5Aca2-6GlcNAcb1-4GlcNAcb1-4GlcNAc-Sp21,Neu5Aca2-6GlcNAcb1-4GlcNAcb1-4GlcNAc-Sp21,12.592725,7.260725,14.440025,49.477525,514.512975
Fucα1-2Galβ1-3GlcNAcβ1-3(Galβ1-4(Fucα1-3)GlcNAcβ1-6)Galβ1-4Glc-Sp21,Fuca1-2Galb1-3GlcNAcb1-3(Galb1-4(Fuca1-3)GlcNAcb1-6)Galb1-4Glc-Sp21,Galb1-4(Fuca1-3)GlcNAcb1-6(Fuca1-2Galb1-4GlcNAcb1-3)Galb1-4Glc-Sp21,2.29945,-83.4045,-152.1311,7084.991825,18951.01275
Galβ1-4GlcNAcβ1-2(Galβ1-4GlcNAcβ1-4)Manα1-3(Galβ1-4GlcNAcβ1-2Manα1-6)Manβ1-4GlcNAcβ1-4GlcNAc-Sp21,Galb1-4GlcNAcb1-2(Galb1-4GlcNAcb1-4)Mana1-3(Galb1-4GlcNAcb1-2Mana1-6)Manb1-4GlcNAcb1-4GlcNAc-Sp21,Galb1-4GlcNAcb1-2Mana1-6(Galb1-4GlcNAcb1-4(Galb1-4GlcNAcb1-2)Mana1-3)Manb1-4GlcNAcb1-4GlcNAc-Sp21,10.57415,33.26075,145.842075,3722.812675,16208.14275
GalNAcα1-3(Fucα1-2)Galβ1-4GlcNAcβ1-2Manα1-3(GalNAcα1-3(Fucα1-2)Galβ1-4GlcNAcβ1-2Manα1-6)Manβ1-4GlcNAcβ1-4GlcNAcβ-Sp20,GalNAca1-3(Fuca1-2)Galb1-4GlcNAcb1-2Mana1-3(GalNAca1-3(Fuca1-2)Galb1-4GlcNAcb1-2Mana1-6)Manb1-4GlcNAcb1-4GlcNAcb-Sp20,GalNAca1-3(Fuca1-2)Galb1-4GlcNAcb1-2Mana1-6(GalNAca1-3(Fuca1-2)Galb1-4GlcNAcb1-2Mana1-3)Manb1-4GlcNAcb1-4GlcNAcb-Sp20,111.942725,34.1356,30.091725,129.632,181.863075
Galα1-3(Fucα1-2)Galβ1-4GlcNAcβ1-2Manα1-3(Galα1-3(Fucα1-2)Galβ1-4GlcNAcβ1-2Manα1-6)Manβ1-4GlcNAcβ1-4GlcNAcβ-Sp20,Gala1-3(Fuca1-2)Galb1-4GlcNAcb1-2Mana1-3(Gala1-3(Fuca1-2)Galb1-4GlcNAcb1-2Mana1-6)Manb1-4GlcNAcb1-4GlcNAcb-Sp20,Gala1-3(Fuca1-2)Galb1-4GlcNAcb1-2Mana1-6(Gala1-3(Fuca1-2)Galb1-4GlcNAcb1-2Mana1-3)Manb1-4GlcNAcb1-4GlcNAcb-Sp20,138.146425,84.24125,715.366075,10250.04135,35181.9275
Galα1-3Galβ1-4(Fucα1-3)GlcNAcβ1-2Manα1-3(Galα1-3Galβ1-4(Fucα1-3)GlcNAcβ1-2Manα1-6)Manβ1-4GlcNAcβ1-4GlcNAcβ-Sp20,Gala1-3Galb1-4(Fuca1-3)GlcNAcb1-2Mana1-3(Gala1-3Galb1-4(Fuca1-3)GlcNAcb1-2Mana1-6)Manb1-4GlcNAcb1-4GlcNAcb-Sp20,Gala1-3Galb1-4(Fuca1-3)GlcNAcb1-2Mana1-6(Gala1-3Galb1-4(Fuca1-3)GlcNAcb1-2Mana1-3)Manb1-4GlcNAcb1-4GlcNAcb-Sp20,13.6865,40.283225,278.877675,5987.3111,18956.6056
GalNAcα1-3(Fucα1-2)Galβ1-3GlcNAcβ1-2Manα1-3(GalNAcα1-3(Fucα1-2)Galβ1-3GlcNAcβ1-2Manα1-6)Manβ1-4GlcNAcβ1-4GlcNAcβ-Sp20,GalNAca1-3(Fuca1-2)Galb1-3GlcNAcb1-2Mana1-3(GalNAca1-3(Fuca1-2)Galb1-3GlcNAcb1-2Mana1-6)Manb1-4GlcNAcb1-4GlcNAcb-Sp20,GalNAca1-3(Fuca1-2)Galb1-3GlcNAcb1-2Mana1-6(GalNAca1-3(Fuca1-2)Galb1-3GlcNAcb1-2Mana1-3)Manb1-4GlcNAcb1-4GlcNAcb-Sp20,373.659775,42.69465,53.9658,183.134575,418.870625
Galα1-3(Fucα1-2)Galβ1-3GlcNAcβ1-2Manα1-3(Galα1-3(Fucα1-2)Galβ1-3GlcNAcβ1-2Manα1-6)Manβ1-4GlcNAcβ1-4GlcNAcβ-Sp20,Gala1-3(Fuca1-2)Galb1-3GlcNAcb1-2Mana1-3(Gala1-3(Fuca1-2)Galb1-3GlcNAcb1-2Mana1-6)Manb1-4GlcNAcb1-4GlcNAcb-Sp20,Gala1-3(Fuca1-2)Galb1-3GlcNAcb1-2Mana1-6(Gala1-3(Fuca1-2)Galb1-3GlcNAcb1-2Mana1-3)Manb1-4GlcNAcb1-4GlcNAcb-Sp20,219.4553,6.69515,14.955475,23.01905,25.587775
Fucα1-2Galβ1-3(Fucα1-4)GlcNAcβ1-2Manα1-3(Fucα1-2Galβ1-3(Fucα1-4)GlcNAcβ1-2Manα1-6)Manβ1-4GlcNAcβ1-4GlcNAcβ-Sp19,Fuca1-2Galb1-3(Fuca1-4)GlcNAcb1-2Mana1-3(Fuca1-2Galb1-3(Fuca1-4)GlcNAcb1-2Mana1-6)Manb1-4GlcNAcb1-4GlcNAcb-Sp19,Fuca1-4(Fuca1-2Galb1-3)GlcNAcb1-2Mana1-3(Fuca1-4(Fuca1-2Galb1-3)GlcNAcb1-2Mana1-3)Manb1-4GlcNAcb1-4GlcNAcb-Sp19,9.401275,24.881775,-0.6812,38.9637,105.4315
Neu5Acα2-3Galβ1-4GlcNAcβ1-3GalNAc-Sp14,Neu5Aca2-3Galb1-4GlcNAcb1-3GalNAc-Sp14,Neu5Aca2-3Galb1-4GlcNAcb1-3GalNAc-Sp14,3.092725,-106.317375,-129.69495,-154.681375,-377.2645
Neu5Acα2-6Galβ1-4GlcNAcβ1-3GalNAc-Sp14,Neu5Aca2-6Galb1-4GlcNAcb1-3GalNAc-Sp14,Neu5Aca2-6Galb1-4GlcNAcb1-3GalNAc-Sp14,0.5101,-30.1114,-22.659375,-49.97585,-71.363025
Neu5Acα2-3Galβ1-4(Fucα1-3)GlcNAcβ1-3GalNAcα-Sp14,Neu5Aca2-3Galb1-4(Fuca1-3)GlcNAcb1-3GalNAca-Sp14,Neu5Aca2-3Galb1-4(Fuca1-3)GlcNAcb1-3GalNAca-Sp14,36.7879,13788.97748,38717.18123,42276.80635,49197.43057
(GalNAcβ1-4GlcNAcβ1-2Manα1-6)GalNAcβ1-4GlcNAcβ1-2Manα1-3Manβ1-4GlcNAcβ1-4GlcNAc-Sp12,(GalNAcb1-4GlcNAcb1-2Mana1-6)GalNAcb1-4GlcNAcb1-2Mana1-3Manb1-4GlcNAcb1-4GlcNAc-Sp12,GalNAcb1-4GlcNAcb1-2Mana1-6(GalNAcb1-4GlcNAcb1-2Mana1-3)Manb1-4GlcNAcb1-4GlcNAc-Sp12,29.99875,112.226425,1601.0055,22514.90005,40935.40865
Galβ1-3GalNAcα1-3(Fucα1-2)Galβ1-4Glc-Sp0,Galb1-3GalNAca1-3(Fuca1-2)Galb1-4Glc-Sp0,Galb1-3GalNAca1-3(Fuca1-2)Galb1-4Glc-Sp0,1637.923475,-74.559625,-58.961825,1007.07215,5779.4717
Galβ1-3GalNAcα1-3(Fucα1-2)Galβ1-4GlcNAc-Sp0,Galb1-3GalNAca1-3(Fuca1-2)Galb1-4GlcNAc-Sp0,Galb1-3GalNAca1-3(Fuca1-2)Galb1-4GlcNAc-Sp0,761.256,13.261675,9.884425,26.835725,228.315675
Galβ1-3GlcNΑcβ1-3(Galβ1-3GlcNΑcβ1-3Galβ1-4GlcNΑcβ1-6)Galβ1-4Glcβ-Sp0,Galb1-3GlcNacb1-3(Galb1-3GlcNacb1-3Galb1-4GlcNacb1-6)Galb1-4Glcb-Sp0,Galb1-3GlcNacb1-3Galb1-4GlcNacb1-6(Galb1-3GlcNacb1-3)Galb1-4Glcb-Sp0,33.50785,13.84615,32.905325,74.738725,548.7985
Galβ1-3GlcNAcβ1-3(Galβ1-4(Fucα1-3)GlcNAcβ1-6)Galβ1-4Glc-Sp21,Galb1-3GlcNAcb1-3(Galb1-4(Fuca1-3)GlcNAcb1-6)Galb1-4Glc-Sp21 ,Galb1-4(Fuca1-3)GlcNAcb1-6(Galb1-3GlcNAcb1-3)Galb1-4Glc-Sp21 ,5.2719,11.4231,14.917475,36.21375,89.682075
Fucα1-2Galβ1-3(Fucα1-4)GlcNAcβ1-3(Galβ1-4GlcNAcβ1-6)Galβ1-4Glc-Sp21,Fuca1-2Galb1-3(Fuca1-4)GlcNAcb1-3(Galb1-4GlcNAcb1-6)Galb1-4Glc-Sp21,Galb1-4GlcNAcb1-6(Fuca1-4(Fuca1-2Galb1-3)GlcNAcb1-3)Galb1-4Glc-Sp21,19.80865,19.84295,23.3365,1163.972025,4685.816375
Fucα1-2Galβ1-3(Fucα1-4)GlcNAcβ1-3(Galβ1-4(Fucα1-3)GlcNAcβ1-6)Galβ1-4Glc-Sp21,Fuca1-2Galb1-3(Fuca1-4)GlcNAcb1-3(Galb1-4(Fuca1-3)GlcNAcb1-6)Galb1-4Glc-Sp21,Galb1-4(Fuca1-3)GlcNAcb1-6(Fuca1-4(Fuca1-2Galb1-3)GlcNAcb1-3)Galb1-4Glc-Sp21,13.009425,15.092375,12.5429,18.6804,430.436525
Galβ1-3GlcNAcβ1-3(Galβ1-3GlcNAcβ1-3Galβ1-4(Fucα1-3)GlcNAcβ1-6)Galβ1-4Glc-Sp21,Galb1-3GlcNAcb1-3(Galb1-3GlcNAcb1-3Galb1-4(Fuca1-3)GlcNAcb1-6)Galb1-4Glc-Sp21 ,Galb1-3GlcNAcb1-3Galb1-4(Fuca1-3)GlcNAcb1-6(Galb1-3GlcNAcb1-3)Galb1-4Glc-Sp21 ,24.3556,17.183675,16.572475,17.537625,20.77615
Galβ1-4GlcNΑcβ1-2(Galβ1-4GlcNΑcβ1-4)Manα1-3(Galβ1-4GlcNΑcβ1-2(Galβ1-4GlcNΑcβ1-6)Manα1-6)Manβ1-4GlcNΑcβ1-4GlcNΑcβ-Sp21,Galb1-4GlcNacb1-2(Galb1-4GlcNacb1-4)Mana1-3(Galb1-4GlcNacb1-2(Galb1-4GlcNacb1-6)Mana1-6)Manb1-4GlcNacb1-4GlcNacb-Sp21,Galb1-4GlcNacb1-6(Galb1-4GlcNacb1-2)Mana1-6(Galb1-4GlcNacb1-4(Galb1-4GlcNacb1-2)Mana1-3)Manb1-4GlcNacb1-4GlcNacb-Sp21,8.364725,55.0775,518.53495,7537.51785,19387.415
GlcNΑcβ1-2(GlcNΑcβ1-4)Manα1-3(GlcNΑcβ1-2Manα1-6)Manβ1-4GlcNΑcβ1-4GlcNΑc-Sp21,GlcNacb1-2(GlcNacb1-4)Mana1-3(GlcNacb1-2Mana1-6)Manb1-4GlcNacb1-4GlcNac-Sp21,GlcNacb1-2Mana1-6(GlcNacb1-4(GlcNacb1-2)Mana1-3)Manb1-4GlcNacb1-4GlcNac-Sp21,3.279325,17.594925,43.06565,1706.581575,4852.01395
Fucα1-2Galβ1-3GalNAcα1-3(Fucα1-2)Galβ1-4Glcβ-Sp0,Fuca1-2Galb1-3GalNAca1-3(Fuca1-2)Galb1-4Glcb-Sp0,Fuca1-2Galb1-3GalNAca1-3(Fuca1-2)Galb1-4Glcb-Sp0,68.057425,16.884475,8.124325,78.639425,269.66895
Fucα1-2Galβ1-3GalNAcα1-3(Fucα1-2)Galβ1-4GlcNAcβ-Sp0,Fuca1-2Galb1-3GalNAca1-3(Fuca1-2)Galb1-4GlcNAcb-Sp0,Fuca1-2Galb1-3GalNAca1-3(Fuca1-2)Galb1-4GlcNAcb-Sp0,48.2009,78.01155,97.1411,402.612025,501.60755
Galβ1-3GlcNAcβ1-3GalNAcα-Sp14,Galb1-3GlcNAcb1-3GalNAca-Sp14,Galb1-3GlcNAcb1-3GalNAca-Sp14,2.03665,4.776375,51.930525,1508.637725,4343.759275
Neu5Acα2-3(GalNAcβ1-4)Galβ1-4GlcNAcβ1-3GalNAcα-Sp14,Neu5Aca2-3(GalNAcb1-4)Galb1-4GlcNAcb1-3GalNAca-Sp14,GalNAcb1-4(Neu5Aca2-3)Galb1-4GlcNAcb1-3GalNAca-Sp14,3.21105,20.329525,26.0046,48.64915,73.854575
GalNAcα1-3(Fucα1-2)Galβ1-3GalNAcα1-3(Fucα1-2)Galβ1-4GlcNAcβ-Sp0,GalNAca1-3(Fuca1-2)Galb1-3GalNAca1-3(Fuca1-2)Galb1-4GlcNAcb-Sp0,GalNAca1-3(Fuca1-2)Galb1-3GalNAca1-3(Fuca1-2)Galb1-4GlcNAcb-Sp0,11.39345,20.257175,15.18065,60.905775,149.913125
Galα1-3Galβ1-3GlcNAcβ1-2Manα1-3(Galα1-3Galβ1-3GlcNAcβ1-2Manα1-6)Manβ1-4GlcNAcβ1-4GlcNAc-Sp19,Gala1-3Galb1-3GlcNAcb1-2Mana1-3(Gala1-3Galb1-3GlcNAcb1-2Mana1-6)Manb1-4GlcNAcb1-4GlcNAc-Sp19,Gala1-3Galb1-3GlcNAcb1-2Mana1-6(Gala1-3Galb1-3GlcNAcb1-2Mana1-3)Manb1-4GlcNAcb1-4GlcNAc-Sp19,15.712075,7.86635,12.977,13.096825,16.319925
Galα1-3Galβ1-3(Fucα1-4)GlcNAcβ1-2Manα1-3(Galα1-3Galβ1-3(Fucα1-4)GlcNAcβ1-2Manα1-6)Manβ1-4GlcNAcβ1-4GlcNAc-Sp19,Gala1-3Galb1-3(Fuca1-4)GlcNAcb1-2Mana1-3(Gala1-3Galb1-3(Fuca1-4)GlcNAcb1-2Mana1-6)Manb1-4GlcNAcb1-4GlcNAc-Sp19,Gala1-3Galb1-3(Fuca1-4)GlcNAcb1-2Mana1-6(Gala1-3Galb1-3(Fuca1-4)GlcNAcb1-2Mana1-3)Manb1-4GlcNAcb1-4GlcNAc-Sp19,21.9279,11.65255,12.60445,36.629675,110.684575
Galβ1-4GlcNAcβ1-2Manα1-3(GlcNAcβ1-2Manα1-6)Manβ1-4GlcNAcβ1-4GlcNAc-Sp12,Neu5Aca2-3Galb1-3GlcNAcb1-2Mana1-3(Neu5Aca2-3Galb1-3GlcNAcb1-2Mana1-6)Manb1-4GlcNAcb1-4GlcNAc-Sp19,Neu5Aca2-3Galb1-3GlcNAcb1-2Mana1-6(Neu5Aca2-3Galb1-3GlcNAcb1-2Mana1-3)Manb1-4GlcNAcb1-4GlcNAc-Sp19,12.207775,8.682275,10.868,25.499575,65.30645
GlcNAcβ1-2Manα1-3(Galβ1-4GlcNAcβ1-2Manα1-6)Manβ1-4GlcNAcβ1-4GlcNAc-Sp12,Galb1-4GlcNAcb1-2Mana1-3(GlcNAcb1-2Mana1-6)Manb1-4GlcNAcb1-4GlcNAc-Sp12,GlcNAcb1-2Mana1-6(Galb1-4GlcNAcb1-2Mana1-3)Manb1-4GlcNAcb1-4GlcNAc-Sp12,13.1281,0.39855,2.60665,32.58765,108.867725
,GlcNAcb1-2Mana1-3(Galb1-4GlcNAcb1-2Mana1-6)Manb1-4GlcNAcb1-4GlcNAc-Sp12,Galb1-4GlcNAcb1-2Mana1-6(GlcNAcb1-2Mana1-3)Manb1-4GlcNAcb1-4GlcNAc-Sp12,3.957,,,,
Neu5Acα2-3Galβ1-3GlcNAcβ1-3GalNAcα-Sp14,Neu5Aca2-3Galb1-3GlcNAcb1-3GalNAca-Sp14,Neu5Aca2-3Galb1-3GlcNAcb1-3GalNAca-Sp14,2.4351,13.0738,25.594175,66.0325,111.9773
Fucα1-2Galβ1-4GlcNΑcβ1-3GalNΑcα-Sp14,Fuca1-2Galb1-4GlcNacb1-3GalNaca-Sp14,Fuca1-2Galb1-4GlcNacb1-3GalNaca-Sp14,4.77465,8.612475,118.0756,4384.1425,20763.04378
Galβ1-4(Fucα1-3)GlcNΑcβ1-3GalNΑcα-Sp14,Galb1-4(Fuca1-3)GlcNacb1-3GalNaca-Sp14,Galb1-4(Fuca1-3)GlcNacb1-3GalNaca-Sp14,6.623775,12.04195,3.803075,34.0756,95.272725
GalNΑcα1-3GalNΑcβ1-3Galα1-4Galβ1-4GlcNΑcβ-Sp0,GalNaca1-3GalNacb1-3Gala1-4Galb1-4GlcNacb-Sp0,GalNaca1-3GalNacb1-3Gala1-4Galb1-4GlcNacb-Sp0,45.7198,10.230475,14.816925,74.912225,141.42165
Galα1-4Galβ1-3GlcNΑcβ1-2Manα1-3(Galα1-4Galβ1-3GlcNΑcβ1-2Manα1-6)Manβ1-4GlcNΑcβ1-4GlcNΑcβ-Sp19,Gala1-4Galb1-3GlcNacb1-2Mana1-3(Gala1-4Galb1-3GlcNacb1-2Mana1-6)Manb1-4GlcNacb1-4GlcNacb-Sp19,Gala1-4Galb1-3GlcNacb1-2Mana1-6(Gala1-4Galb1-3GlcNacb1-2Mana1-3)Manb1-4GlcNacb1-4GlcNacb-Sp19,12.93265,8.204675,9.564525,71.018375,1345.720175
Galα1-4Galβ1-4GlcNΑcβ1-2Manα1-3(Galα1-4Galβ1-4GlcNΑcβ1-2Manα1-6)Manβ1-4GlcNΑcβ1-4GlcNΑcβ-LVΑNKT,Gala1-4Galb1-4GlcNacb1-2Mana1-3(Gala1-4Galb1-4GlcNacb1-2Mana1-6)Manb1-4GlcNacb1-4GlcNacb-LVaNKT,Gala1-4Galb1-4GlcNacb1-2Mana1-6(Gala1-4Galb1-4GlcNacb1-2Mana1-3)Manb1-4GlcNacb1-4GlcNacb-Sp24,13.2612,13.36845,6.51415,455.3728,3455.025775
Galα1-3Galβ1-4GlcNΑcβ1-3GalNΑcα-Sp14,Gala1-3Galb1-4GlcNacb1-3GalNaca-Sp14,Gala1-3Galb1-4GlcNacb1-3GalNaca-Sp14,7.041675,-0.525075,-2.597275,54.621475,1722.490475
Galβ1-3GlcNAcβ1-6Galβ1-4GlcNAcβ-Sp0,Galb1-3GlcNAcb1-6Galb1-4GlcNAcb-Sp0,Galb1-3GlcNAcb1-6Galb1-4GlcNAcb-Sp0,17.8647,3.246325,-10.62305,571.519525,2811.887125
Galβ1-3GlcNAcα1-6Galβ1-4GlcNAcβ-Sp0,Galb1-3GlcNAca1-6Galb1-4GlcNAcb-Sp0,Galb1-3GlcNAca1-6Galb1-4GlcNAcb-Sp0,6.006375,11.75,1.7314,10.8965,9.603825
GalNAcβ1-3Galα1-6Galβ1-4Glcβ-Sp8,GalNAcb1-3Gala1-6Galb1-4Glcb-Sp8,GalNAcb1-3Gala1-6Galb1-4Glcb-Sp8,10.476025,6.901225,28.31095,547.304225,1973.275175
GlcNAcβ1-6(GlcNAcβ1-3)GalNAcα-Sp14,GlcNAcb1-6(GlcNAcb1-3)GalNAca-Sp14,,,8.22335,5.298575,20.41765,85.724
Galα1-3(Fucα1-2)Galβ1-4(Fucα1-3)Glcβ-Sp21,Gala1-3(Fuca1-2)Galb1-4(Fuca1-3)Glcb-Sp21,Gala1-3(Fuca1-2)Galb1-4(Fuca1-3)Glcb-Sp21,6.47665,-2.842425,-4.412025,23.014875,353.483575
Neu5Acα2-6Galβ1-3GlcNAcβ1-3(Galβ1-4GlcNAcβ1-6)Galβ1-4Glc-Sp21,Neu5Aca2-6Galb1-3GlcNAcb1-3(Galb1-4GlcNAcb1-6)Galb1-4Glc-Sp21,Galb1-4GlcNAcb1-6(Neu5Aca2-6Galb1-3GlcNAcb1-3)Galb1-4Glc-Sp21,4.14635,1.19225,15.795875,25.92685,27.24225
Galβ1-3GalNAcβ1-4(Neu5Acα2-8Neu5Acα2-3)Galβ1-4Glcβ-Sp0,Galb1-3GalNAcb1-4(Neu5Aca2-8Neu5Aca2-3)Galb1-4Glcb-Sp0,Galb1-3GalNAcb1-4(Neu5Aca2-8Neu5Aca2-3)Galb1-4Glcb-Sp0,6.2533,8.87355,55.259,1621.566825,4664.9383
Neu5Acα2-3Galβ1-3GalNAcβ1-4(Neu5Acα2-8Neu5Acα2-3)Galβ1-4Glcβ-Sp0,Neu5Aca2-3Galb1-3GalNAcb1-4(Neu5Aca2-8Neu5Aca2-3)Galb1-4Glcb-Sp0,Neu5Aca2-3Galb1-3GalNAcb1-4(Neu5Aca2-8Neu5Aca2-3)Galb1-4Glcb-Sp0,16.4287,6.735375,24.90835,918.14395,2727.5121
Galα1-3(Fucα1-2)Galβ1-4GlcNAcβ1-3GalNAcα-Sp14,Gala1-3(Fuca1-2)Galb1-4GlcNAcb1-3GalNAca-Sp14,Gala1-3(Fuca1-2)Galb1-4GlcNAcb1-3GalNAca-Sp14,175.459575,20.833475,176.2589,7052.157875,17502.63933
GalNAcα1-3(Fucα1-2)Galβ1-4GlcNAcβ1-3GalNAcα-Sp14,GalNAca1-3(Fuca1-2)Galb1-4GlcNAcb1-3GalNAca-Sp14,GalNAca1-3(Fuca1-2)Galb1-4GlcNAcb1-3GalNAca-Sp14,46.47645,26.29015,57.684,60.538775,201.596925
GalNAcα1-3GalNAcβ1-3Galα1-4Galβ1-4Glcβ-Sp0,GalNAca1-3GalNAcb1-3Gala1-4Galb1-4Glcb-Sp0,GalNAca1-3GalNAcb1-3Gala1-4Galb1-4Glcb-Sp0,26.774225,19.71135,23.687675,54.529725,114.35745
Fucα1-2Galβ1-4(Fucα1-3)GlcNAcβ1-3GalNAcα-Sp14,Fuca1-2Galb1-4(Fuca1-3)GlcNAcb1-3GalNAca-Sp14,Fuca1-2Galb1-4(Fuca1-3)GlcNAcb1-3GalNAca-Sp14,18.10315,21.45275,34.261975,97.264075,204.2111
Galα1-3(Fucα1-2)Galβ1-4(Fucα1-3)GlcNAcβ1-3GalNAc-Sp14,Gala1-3(Fuca1-2)Galb1-4(Fuca1-3)GlcNAcb1-3GalNAc-Sp14,Gala1-3(Fuca1-2)Galb1-4(Fuca1-3)GlcNAcb1-3GalNAc-Sp14,6.731925,22.486375,26.803575,44.19175,87.487575
GalNAcα1-3(Fucα1-2)Galβ1-4(Fucα1-3)GlcNAcβ1-3GalNAc-Sp14,GalNAca1-3(Fuca1-2)Galb1-4(Fuca1-3)GlcNAcb1-3GalNAc-Sp14,GalNAca1-3(Fuca1-2)Galb1-4(Fuca1-3)GlcNAcb1-3GalNAc-Sp14,9.828675,18.08965,11.1335,28.463225,89.95185
Galβ1-4(Fucα1-3)GlcNAcβ1-2Manα1-3(Galβ1-4(Fucα1-3)GlcNAcβ1-2Manα1-6)Manβ1-4GlcNAcβ1-4(Fucα1-6)GlcNAcβ-Sp22,Galb1-4(Fuca1-3)GlcNAcb1-2Mana1-3(Galb1-4(Fuca1-3)GlcNAcb1-2Mana1-6)Manb1-4GlcNAcb1-4(Fuca1-6)GlcNAcb-Sp22,Galb1-4(Fuca1-3)GlcNAcb1-2Mana1-6(Galb1-4(Fuca1-3)GlcNAcb1-2Mana1-3)Manb1-4GlcNAcb1-4(Fuca1-6)GlcNAcb-Sp22,6.694275,5.54535,9.714525,10.864925,16.1364
Fucα1-2Galβ1-4GlcNAcβ1-2Manα1-3(Fucα1-2Galβ1-4GlcNAcβ1-2Manα1-6)Manβ1-4GlcNAcβ1-4(Fucα1-6)GlcNAcβ-Sp22,Fuca1-2Galb1-4GlcNAcb1-2Mana1-3(Fuca1-2Galb1-4GlcNAcb1-2Mana1-6)Manb1-4GlcNAcb1-4(Fuca1-6)GlcNAcb-Sp22,Fuca1-2Galb1-4GlcNAcb1-2Mana1-6(Fuca1-2Galb1-4GlcNAcb1-2Mana1-3)Manb1-4GlcNAcb1-4(Fuca1-6)GlcNAcb-Sp22,5.414975,-2.517675,10.7567,1553.279625,4527.981875
GlcNAcβ1-2Manα1-3(GlcNAcβ1-2(GlcNAcβ1-6)Manα1-6)Manβ1-4GlcNAcβ1-4GlcNAcβ-Sp19,GlcNAcb1-2Mana1-3(GlcNAcb1-2(GlcNAcb1-6)Mana1-6)Manb1-4GlcNAcb1-4GlcNAcb-Sp19,GlcNAcb1-2(GlcNAcb1-6)Mana1-6(GlcNAcb1-2Mana1-3)Manb1-4GlcNAcb1-4GlcNAcb-Sp19,7.098375,39.6759,570.785425,6172.75355,14894.22713
Fucα1-2Galβ1-3GlcNAcβ1-3GalNAc-Sp14,Fuca1-2Galb1-3GlcNAcb1-3GalNAc-Sp14,Fuca1-2Galb1-3GlcNAcb1-3GalNAc-Sp14,21.67385,75.600175,345.037175,3959.552075,13163.16977
Galα1-3(Fucα1-2)Galβ1-3GlcNAcβ1-3GalNAc-Sp14,Gala1-3(Fuca1-2)Galb1-3GlcNAcb1-3GalNAc-Sp14,Gala1-3(Fuca1-2)Galb1-3GlcNAcb1-3GalNAc-Sp14,565.920125,7.0605,17.843925,812.47295,3403.25485
GalNAcα1-3(Fucα1-2)Galβ1-3GlcNAcβ1-3GalNAc-Sp14,GalNAca1-3(Fuca1-2)Galb1-3GlcNAcb1-3GalNAc-Sp14,GalNAca1-3(Fuca1-2)Galb1-3GlcNAcb1-3GalNAc-Sp14,90.9527,15.032725,14.0547,223.74885,1135.50565
Galα1-3Galβ1-3GlcNAcβ1-3GalNAc-Sp14,Gala1-3Galb1-3GlcNAcb1-3GalNAc-Sp14,Gala1-3Galb1-3GlcNAcb1-3GalNAc-Sp14,11.655,5.338425,31.8762,1796.455525,6960.983175
Fucα1-2Galβ1-3GlcNAcβ1-2Manα1-3(Fucα1-2Galβ1-3GlcNAcβ1-2Manα1-6)Manβ1-4GlcNAcβ1-4(Fucα1-6)GlcNAcβ-Sp22,Fuca1-2Galb1-3GlcNAcb1-2Mana1-3(Fuca1-2Galb1-3GlcNAcb1-2Mana1-6)Manb1-4GlcNAcb1-4(Fuca1-6)GlcNAcb-Sp22,Fuca1-2Galb1-3GlcNAcb1-2Mana1-6(Fuca1-2Galb1-3GlcNAcb1-2Mana1-3)Manb1-4GlcNAcb1-4(Fuca1-6)GlcNAcb-Sp22,10.64935,8.815425,12.63405,493.7896,2887.42415
Galα1-3(Fucα1-2)Galβ1-4GlcNAcβ1-2Manα1-3(Galα1-3(Fucα1-2)Galβ1-4GlcNAcβ1-2Manα1-6)Manβ1-4GlcNAcβ1-4(Fucα1-6)GlcNAcβ-Sp22,Gala1-3(Fuca1-2)Galb1-4GlcNAcb1-2Mana1-3(Gala1-3(Fuca1-2)Galb1-4GlcNAcb1-2Mana1-6)Manb1-4GlcNAcb1-4(Fuca1-6)GlcNAcb-Sp22,Gala1-3(Fuca1-2)Galb1-4GlcNAcb1-2Mana1-6(Gala1-3(Fuca1-2)Galb1-4GlcNAcb1-2Mana1-3)Manb1-4GlcNAcb1-4(Fuca1-6)GlcNAcb-Sp22,129.156275,10.897625,14.83225,1509.50425,7262.2492
Galβ1-3GlcNAcβ1-2Manα1-3(Galβ1-3GlcNAcβ1-2(Galβ1-3GlcNAcβ1-6)Manα1-6)Manβ1-4GlcNAcβ1-4GlcNAcβ-Sp19,Galb1-3GlcNAcb1-2Mana1-3(Galb1-3GlcNAcb1-2(Galb1-3GlcNAcb1-6)Mana1-6)Manb1-4GlcNAcb1-4GlcNAcb-Sp19,Galb1-3GlcNAcb1-6(Galb1-3GlcNAcb1-2)Mana1-6(Galb1-3GlcNAcb1-2Mana1-3)Manb1-4GlcNAcb1-4GlcNAcb-Sp19,5.650475,15.186725,-2.039725,7.242925,237.4208
Fucα1-2Galβ1-3GlcNAcβ1-3(Galβ1-4GlcNAcβ1-6)Galβ1-4Glc-Sp21,Fuca1-2Galb1-3GlcNAcb1-3(Galb1-4GlcNAcb1-6)Galb1-4Glc-Sp21,Galb1-4GlcNAcb1-6(Fuca1-2Galb1-3GlcNAcb1-3)Galb1-4Glc-Sp21,28.836325,-2.26665,-11.4913,0.48955,-13.17165
Galβ1-4GlcNAcβ1-3Galβ1-4(Fucα1-3GlcNAcβ1-6)Galβ1-4Glc-Sp21,Galb1-4GlcNAcb1-3Galb1-4(Fuca1-3GlcNAcb1-6)Galb1-4Glc-Sp21,Fuca1-3GlcNAcb1-6(Galb1-4GlcNAcb1-3)Galb1-4Glc-Sp21,3.298275,13.6081,2.1558,14.225975,30.45975
GlcNAcβ1-2Manα1-3(GlcNAcβ1-4)(GlcNAcβ1-2Manα1-6)Manβ1-4GlcNacβ1-4GlcNAc-Sp21,GlcNAcb1-2Mana1-3(GlcNAcb1-4)(GlcNAcb1-2Mana1-6)Manb1-4GlcNacb1-4GlcNAc-Sp21,GlcNAcb1-2Mana1-6(GlcNAcb1-4)(GlcNAcb1-2Mana1-3)Manb1-4GlcNacb1-4GlcNAc-Sp21,13.2717,12.223925,11.4044,14.795425,5.611975
GlcNAcβ1-4(GlcNAcβ1-2)Manα1-3(GlcNAcβ1-4)(GlcNAcβ1-2Manα1-6)Manβ1-4GlcNAcβ1-4GlcNAc-Sp21,GlcNAcb1-4(GlcNAcb1-2)Mana1-3(GlcNAcb1-4)(GlcNAcb1-2Mana1-6)Manb1-4GlcNAcb1-4GlcNAc-Sp21,GlcNAcb1-2Mana1-6(GlcNAcb1-4)(GlcNAcb1-4(GlcNAcb1-2)Mana1-3)Manb1-4GlcNAcb1-4GlcNAc-Sp21,7.88445,-2.539975,-8.05265,-7.357325,-3.862
GlcNAcβ1-2Manα1-3(GlcNAcβ1-4)(GlcNAcβ1-6(GlcNAcβ1-2)Manα1-6)Manβ1-4GlcNAcβ1-4GlcNAc-Sp21,GlcNAcb1-2Mana1-3(GlcNAcb1-4)(GlcNAcb1-6(GlcNAcb1-2)Mana1-6)Manb1-4GlcNAcb1-4GlcNAc-Sp21,GlcNAcb1-6(GlcNAcb1-2)Mana1-6(GlcNAcb1-4)(GlcNAcb1-2Mana1-3)Manb1-4GlcNAcb1-4GlcNAc-Sp21,12.7114,9.160375,3.7741,10.884,79.273025
GlcNAcβ1-4(GlcNAcβ1-2)Manα1-3(GlcNAcβ1-4)(GlcNAcβ1-6(GlcNAcβ1-2)Manα1-6)Manβ1-4GlcNAcβ1-4GlcNAc-Sp21,GlcNAcb1-4(GlcNAcb1-2)Mana1-3(GlcNAcb1-4)(GlcNAcb1-6(GlcNAcb1-2)Mana1-6)Manb1-4GlcNAcb1-4GlcNAc-Sp21,GlcNAcb1-6(GlcNAcb1-2)Mana1-6(GlcNAcb1-4)(GlcNAcb1-4(GlcNAcb1-2)Mana1-3)Manb1-4GlcNAcb1-4GlcNAc-Sp21,10.99305,6.756875,13.21765,17.27135,111.5902
Galβ1-4GlcNAcβ1-2Manα1-3(GlcNAcβ1-4)(Galβ1-4GlcNAcβ1-2)Manβ1-4GlcNAcβ1-4GlcNAc-Sp21,Galb1-4GlcNAcb1-2Mana1-3(GlcNAcb1-4)(Galb1-4GlcNAcb1-2)Manb1-4GlcNAcb1-4GlcNAc-Sp21,Galb1-4GlcNAcb1-2Mana1-6(GlcNAcb1-4)(Galb1-4GlcNAcb1-2Mana1-3)Manb1-4GlcNAcb1-4GlcNAc-Sp21,8.548925,0.568425,8.444675,14.7662,19.1039
Galβ1-4GlcNAcβ1-4(Galβ1-4GlcNAcβ1-2)Manα1-3(GlcNAcβ1-4)(Galβ1-4GlcNAcβ1-2Manα1-6)Manβ1-4GlcNAcβ1-4GlcNAc-Sp21,Galb1-4GlcNAcb1-4(Galb1-4GlcNAcb1-2)Mana1-3(GlcNAcb1-4)(Galb1-4GlcNAcb1-2Mana1-6)Manb1-4GlcNAcb1-4GlcNAc-Sp21,Galb1-4GlcNAcb1-2Mana1-6(GlcNAcb1-4)(Galb1-4GlcNAcb1-4(Galb1-4GlcNAcb1-2)Mana1-3)Manb1-4GlcNAcb1-4GlcNAc-Sp21,6.365625,6.894925,5.462825,16.926,58.27525
Galβ1-4GlcNAcβ1-2Manα1-3(GlcNAcβ1-4)(Galβ1-4GlcNAcβ1-6(Galβ1-4GlcNAcβ1-2)Manα1-6)Manβ1-4GlcNAcβ1-4GlcNAc-Sp21,Galb1-4GlcNAcb1-2Mana1-3(GlcNAcb1-4)(Galb1-4GlcNAcb1-6(Galb1-4GlcNAcb1-2)Mana1-6)Manb1-4GlcNAcb1-4GlcNAc-Sp21,Galb1-4GlcNAcb1-6(Galb1-4GlcNAcb1-2)Mana1-6(GlcNAcb1-4)(Galb1-4GlcNAcb1-2Mana1-3)Manb1-4GlcNAcb1-4GlcNAc-Sp21,12.271825,53.898325,338.85745,4939.52185,15069.90667
Galβ1-4GlcNAcβ1-4(Galβ1-4GlcNAcβ1-2)Manα1-3(GlcNAcβ1-4)(Galβ1-4GlcNAcβ1-6(Galβ1-4-GlcNAcβ1-2)Manα1-6)Manβ1-4GlcNAcβ1-4GlcNAc-Sp21,Galb1-4Galb-Sp10,Galb1-4GlcNAcb1-6(Galb1-4GlcNAcb1-2)Mana1-6(GlcNAcb1-4)(Galb1-4GlcNAcb1-4(Galb1-4GlcNAcb1-2)Mana1-3)Manb1-4GlcNAcb1-4GlcNAc-Sp21,14.1427,15.21335,26.563075,16.862,28.696775
Galα1-3Galβ1-4Glc-Sp10,Galb1-6Galb-Sp10,Galb1-4Galb-Sp10,9.8666,15.852425,9.604025,6.606725,19.457675
Galβ1-4Galβ-Sp10,,Galb1-6Galb-Sp10,16.132075,3.4603,7.956675,13.50235,75.518725
Galβ1-6Galβ-Sp10,,,,5.242775,6.3592,11.4724,12.001875
Neu5Acα2-3Galβ1-4GlcNAcβ1-3Galβ-Sp8,Neu5Aca2-3Galb1-4GlcNAcb1-3Galb-Sp8,Neu5Aca2-3Galb1-4GlcNAcb1-3Galb-Sp8,3.106575,7.2931,7.281825,7.172475,5.377825
GalNAcβ1-6GalNAcβ-Sp8,GalNAcb1-6GalNAcb-Sp8,GalNAcb1-6GalNAcb-Sp8,13.993,7.106425,2.665475,12.813675,37.044975
[6OSO3]Galβ1-3GlcNAcβ-Sp0,[6OSO3]Galb1-3GlcNAcb-Sp0,(6S)Galb1-3GlcNAcb-Sp0,1.695475,-181.67535,-240.429125,-540.45365,-278.57215
[6OSO3]Galβ1-3[6OSO3]GlcNAc-Sp0,[6OSO3]Galb1-3[6OSO3]GlcNAc-Sp0,(6S)Galb1-3(6S)GlcNAc-Sp0,18.505725,33.523175,55.19765,163.12805,205.31515
Fucα1-2Galβ1-4GlcNAcβ1-2(Fucα1-2Galβ1-4GlcNAcβ1-4)Manα1-3(Fucα1-2Galβ1-4 GlcNAcβ1-2Manα1-6)Manβ1-4GlcNAcβ1-4GlcNAcβ-Sp12,Fuca1-2Galb1-4GlcNAcb1-2(Fuca1-2Galb1-4GlcNAcb1-4)Mana1-3(Fuca1-2Galb1-4 GlcNAcb1-2Mana1-6)Manb1-4GlcNAcb1-4GlcNAcb-N,Fuca1-2Galb1-4 GlcNAcb1-2Mana1-6(Fuca1-2Galb1-4GlcNAcb1-2(Fuca1-2Galb1-4GlcNAcb1-4)Mana1-3)Manb1-4GlcNAcb1-4GlcNAcb-N,12.290075,14.349475,-1.8543,37.412625,347.787525
Fucα1-2Galβ1-4(Fucα1-3)GlcNAcβ1-2(Fucα1-2Galβ1-4(Fucα1-3)GlcNAcβ1-4)Manα1-3(Fucα1-2Galβ1-4(Fucα1-3)GlcNAcβ1-2Manα1-6)Manβ1-4GlcNAcβ1-4GlcNAcβ-Sp12,Fuca1-2Galb1-4(Fuca1-3)GlcNAcb1-2(Fuca1-2Galb1-4(Fuca1-3)GlcNAcb1-4)Mana1-3(Fuca1-2Galb1-4(Fuca1-3)GlcNAcb1-2Mana1-6)Manb1-4GlcNAcb1-4GlcNAcb-N,Fuca1-2Galb1-4(Fuca1-3)GlcNAcb1-2Mana1-6(Fuca1-2Galb1-4(Fuca1-3)GlcNAcb1-4(Fuca1-2Galb1-4(Fuca1-3)GlcNAcb1-2)Mana1-3)Manb1-4GlcNAcb1-4GlcNAcb-N,8.4796,23.651275,12.18935,74.702225,263.171975
Galβ1-4GlcNAcβ1-3(Galβ1-4GlcNAcβ1-6)GalNAc-Sp14,,Galb1-4(Fuca1-3)GlcNAcb1-6GalNAc-Sp14,7.258575,20.2465,26.44635,44.4607,313.161875
Galβ1-4GlcNAcβ1-6GalNAc-Sp14,,,,13.300675,6.02665,30.121125,35.0091
Galβ1-4(Fucα1-3)GlcNAcβ1-6GalNAc-Sp14,,,,5.780425,29.866475,95.1647,676.073025
Galβ1-4GlcNAcβ1-2Manα-Sp0,,Galb1-4GlcNAcb1-2Mana-Sp0,9.107875,15.024725,45.230925,2745.983275,8324.04775
Fucα1-2Galβ1-4GlcNAcβ1-3(Fucα1-2Galβ1-4GlcNAcβ1-6)GalNAc-Sp14,,Fuca1-2Galb1-4GlcNAcb1-6(Fuca1-2Galb1-4GlcNAcb1-3)GalNAc-Sp14,18.51685,-85.17015,-118.689425,2453.654775,11338.31105
Galα1-3Fucα1-2Galβ1-4GlcNAcβ1-3(Galα1-3Fucα1-2Galβ1-4GlcNAcβ1-6)GalNAc-Sp14,,Gala1-3Fuca1-2Galb1-4GlcNAcb1-6(Gala1-3Fuca1-2Galb1-4GlcNAcb1-3)GalNAc-Sp14,376.01995,-201.225575,-173.71435,-267.260375,-235.71685
GalNAcα1-3Fucα1-2Galβ1-4GlcNAcβ1-3(GalNAcα1-3Fucα1-2Galβ1-4GlcNAcβ1-6)GalNAc-Sp14,,GalNAca1-3(Fuca1-2)Galb1-4GlcNAcb1-6(GalNAca1-3(Fuca1-2)Galb1-4GlcNAcb1-3)GalNAc-Sp14,361.77445,12.152625,17.112425,24.51195,58.27895
Neu5Aca2-8Neu5Aca2-3Galb1-3GalNAcb1-4(Neu5Aca2-8Neu5Aca2-3)Galb1-4Glcb-sp0,,Neu5Aca2-8Neu5Aca2-3Galb1-3GalNAcb1-4(Neu5Aca2-8Neu5Aca2-3)Galb1-4Glcb-Sp0,13.454775,22.743375,72.6863,1775.173025,5997.5831
GalNAcβ1-4Galβ1-4Glc-b-sp0,,GalNAcb1-4Galb1-4Glcb-Sp0,5.825075,-84.164625,-115.02725,2921.54685,16844.14608
GalNAcα1-3(Fucα1-2)Galβ1-4GlcNAcβ1-2Manα1-6(GalNAcα1-3(Fucα1-2)Galβ1-4GlcNAcβ1-2Manα1-3)Manβ1-4GlcNAcβ1-4(Fucα1-6)GlcNAcβ-Sp22,,GalNAca1-3(Fuca1-2)Galb1-4GlcNAcb1-2Mana1-6(GalNAca1-3(Fuca1-2)Galb1-4GlcNAcb1-2Mana1-3)Manb1-4GlcNAcb1-4(Fuca1-6)GlcNAcb-Sp22,82.767475,7.310125,13.302825,1059.354525,3790.483375
Galα1-3(Fucα1-2)Galβ1-3GlcNAcβ1-2Manα1-6(Galα1-3(Fucα1-2)Galβ1-3GlcNAcβ1-2Manα1-3)Manβ1-4GlcNAcβ1-4(Fucα1-6)GlcNAcβ-Sp22,,Gala1-3(Fuca1-2)Galb1-3GlcNAcb1-2Mana1-6(Gala1-3(Fuca1-2)Galb1-3GlcNAcb1-2Mana1-3)Manb1-4GlcNAcb1-4(Fuca1-6)GlcNAcb-Sp22,114.933675,26.77015,205.5918,3289.828975,9629.286275
Neu5Acα2-6Galβ1-4GlcNAcβ1-6(Fucα1-2Galβ1-3GlcNAcβ1-3)Galβ-4Glc-Sp21,,Neu5Aca2-6Galb1-4GlcNAcb1-6(Fuca1-2Galb1-3GlcNAcb1-3)Galb1-4Glc-Sp21,11.110125,17.324025,5.114425,26.941875,41.716525
GalNAcα1-3(Fucα1-2)Galβ1-3GlcNAcβ1-2Manα1-6(GalNAcα1-3(Fucα1-2)Galβ1-3GlcNAcβ1-2Manα1-3)Manβ1-4GlcNAcβ1-4(Fucα1-6)GlcNAcβ-Sp22,,GalNAca1-3(Fuca1-2)Galb1-3GlcNAcb1-2Mana1-6(GalNAca1-3(Fuca1-2)Galb1-3GlcNAcb1-2Mana1-3)Manb1-4GlcNAcb1-4(Fuca1-6)GlcNAcb-Sp22,205.130375,11.983225,9.8535,19.073275,794.990825
Galβ1-4GlcNAcβ1-6(Galβ1-4GlcNAcβ1-2)Manα1-6(Galβ1-4GlcNAcβ1-2Manα1-3)Manβ1-4GlcNAcβ1-4GlcNAcβ-Sp19,,Galb1-4GlcNAcb1-6(Galb1-4GlcNAcb1-2)Mana1-6(Galb1-4GlcNAcb1-2Mana1-3)Manb1-4GlcNAcb1-4GlcNAcb-Sp19,15.5438,24.0658,90.694025,3721.691225,14183.68032
,,Neu5Aca2-3Galb1-4GlcNAcb1-2Mana1-6(GlcNAcb1-4)(Neu5Aca2-3Galb1-4GlcNAcb1-2Mana1-3)Manb1-4GlcNAcb1-4GlcNAcb-Sp21,11.1059,,,,
,,Neu5Aca2-3Galb1-4GlcNAcb1-4Mana1-6(GlcNAcb1-4)(Neu5Aca2-3Galb1-4GlcNAcb1-4(Neu5Aca2-3Galb1-4GlcNAcb1-2)Mana1-3)Manb1-4GlcNAcb1-4GlcNAcb-Sp21,10.91035,,,,
,,Neu5Aca2-3Galb1-4GlcNAcb1-6(Neu5Aca2-3Galb1-4GlcNAcb1-2)Mana1-6(GlcNAcb1-4)(Neu5Aca2-3Galb1-4GlcNAcb1-2Mana1-3)Manb1-4GlcNAcb1-4GlcNAcb-Sp21,1.601175,,,,
,,Neu5Aca2-3Galb1-4GlcNAcb1-6(Neu5Aca2-3Galb1-4GlcNAcb1-2)Mana1-6(GlcNAcb1-4)(Neu5Aca2-3Galb1-4GlcNAcb1-4(Neu5Aca2-3Galb1-4GlcNAcb1-2)Mana1-3)Manb1-4GlcNAcb1-4GlcNAcb-Sp21,1.363425,,,,
,,Neu5Aca2-6Galb1-4GlcNAcb1-2Mana1-6(GlcNAcb1-4)(Neu5Aca2-6Galb1-4GlcNAcb1-2Mana1-3)Manb1-4GlcNAcb1-4GlcNAcb-Sp21,8.09365,,,,
,,Neu5Aca2-6Galb1-4GlcNAcb1-4Mana1-6(GlcNAcb1-4)(Neu5Aca2-6Galb1-4GlcNAcb1-4(Neu5Aca2-6Galb1-4GlcNAcb1-2)Mana1-3)Manb1-4GlcNAcb1-4GlcNAcb-Sp21,6.165775,,,,
,,Neu5Aca2-6Galb1-4GlcNAcb1-6(Neu5Aca2-6Galb1-4GlcNAcb1-2)Mana1-6(GlcNAcb1-4)(Neu5Aca2-6Galb1-4GlcNAcb1-2Mana1-3)Manb1-4GlcNAcb1-4GlcNAcb-Sp21,9.566875,,,,
,,Neu5Aca2-6Galb1-4GlcNAcb1-6(Neu5Aca2-6Galb1-4GlcNAcb1-2)Mana1-6(GlcNAcb1-4)(Neu5Aca2-6Galb1-4GlcNAcb1-4(Neu5Aca2-6Galb1-4GlcNAcb1-2)Mana1-3)Manb1-4GlcNAcb1-4GlcNAcb-Sp21,11.8271,,,,
Galα1-3(Fucα1-2)Galβ1-3GalNAcα-Sp8,,Gala1-3(Fuca1-2)Galb1-3GalNAca-Sp8,10.148625,6.8853,10.977125,24.7809,44.9671
Galα1-3(Fucα1-2)Galβ1-3GalNAcb-Sp8,,Gala1-3(Fuca1-2)Galb1-3GalNAcb-Sp8,297.32265,14.3787,10.03795,13.026975,38.0059
Glcα1-6Glcα1-6Glcα1-6Glcβ-Sp10,,Glca1-6Glca1-6Glca1-6Glcb-Sp10,11.2402,3.027225,7.898225,15.574475,24.98135
Glcα1-4Glcα1-4Glcα1-4Glcβ-Sp10,,Glca1-4Glca1-4Glca1-4Glcb-Sp10,4.87235,16.8139,24.6108,48.065775,86.938
,,Neu5Aca2-3Galb1-4GlcNAcb1-6(Neu5Aca2-3Galb1-4GlcNAcb1-3)GalNAca-Sp14,13.37015,,,,
,,Fuca1-2Galb1-4(Fuca1-3)GlcNAcb1-2Mana1-6(Fuca1-2Galb1-4(Fuca1-3)GlcNAcb1-2Mana1-3)Manb1-4GlcNAcb1-4(Fuca1-6)GlcNAcb-Sp24,4.933225,,,,
,,Fuca1-2Galb1-3(Fuca1-4)GlcNAcb1-2Mana1-6(Fuca1-2Galb1-3(Fuca1-4)GlcNAcb1-2Mana1-3)Manb1-4GlcNAcb1-4(Fuca1-6)GlcNAcb-Sp11-4(Fuca1-6)GlcNAcb-Sp19,5.615825,,,,
,,Neu5Aca2-3Galb1-3GlcNAcb1-6(Neu5Aca2-3Galb1-4GlcNAcb1-2)Mana1-6(Neu5Aca2-3Galb1-3GlcNAcb1-2Mana1-3)Manb1-4GlcNAcb1-4GlcNAcb-Sp19,23.17025,,,,
,,GlcNAcb1-6(GlcNAcb1-2)Mana1-6(GlcNAcb1-2Mana1-3)Manb1-4GlcNAcb1-4(Fuca1-6)GlcNAcb-Sp24,15.01545,,,,
,,Galb1-3GlcNAcb1-2Mana1-6(GlcNAcb1-4)(Galb1-3GlcNAcb1-2Mana1-3)Manb1-4GlcNAcb1-4GlcNAcb-Sp21,6.1422,,,,
,,Neu5Aca2-6Galb1-4GlcNAcb1-6(Galb1-3GlcNAcb1-3)Galb1-4Glcb-Sp21,8.095375,,,,
,,Neu5Aca2-3Galb1-4GlcNAcb1-2Mana-Sp0,7.307975,,,,
,,Neu5Aca2-3Galb1-4GlcNAcb1-6GalNAca-Sp14,5.23405,,,,
,,Neu5Aca2-6Galb1-4GlcNAcb1-6GalNAca-Sp14,12.73615,,,,
,,Neu5Aca2-6Galb1-4 GlcNAcb1-6(Neu5Aca2-6Galb1-4GlcNAcb1-3)GalNAca-Sp14,14.90375,,,,
,,Neu5Aca2-6Galb1-4GlcNAcb1-2Mana1-6(Neu5Aca2-6Galb1-4GlcNAcb1-2Mana1-3)Manb1-4GlcNAcb1-4(Fuca1-6)GlcNAcb-Sp24,13.322525,,,,
,,Neu5Aca2-3Galb1-4GlcNAcb1-2Mana1-6(Neu5Aca2-3Galb1-4GlcNAcb1-2Mana1-3)Manb1-4GlcNAcb1-4(Fuca1-6)GlcNAcb-Sp24,7.287,,,,
,,Mana1-6(Mana1-3)Manb1-4GlcNAcb1-4(Fuca1-6)GlcNAcb-Sp19,8.4449,,,,
,,Galb1-4GlcNAcb1-6(Galb1-4GlcNAcb1-2)Mana1-6(Galb1-4GlcNAcb1-2Mana1-3)Manb1-4GlcNAcb1-4(Fuca1-6)GlcNAcb-Sp24,0.9828,,,,
,,Neu5Aca2-3Galb1-3GlcNAcb1-2Mana1-6(GlcNAcb1-4)(Neu5Aca2-3Galb1-3GlcNAcb1-2Mana1-3)Manb1-4GlcNAcb1-4GlcNAc-Sp21,15.155975,,,,
,,Neu5Aca2-6Galb1-4GlcNAcb1-6(Fuca1-2Galb1-4(Fuca1-3)GlcNAcb1-3)Galb1-4Glc-Sp21,6.64605,,,,
,,Galb1-3GlcNAcb1-6GalNAca-Sp14,4.92055,,,,
,,Gala1-3Galb1-3GlcNAcb1-6GalNAca-Sp14,13.893025,,,,
,,Galb1-3(Fuca1-4)GlcNAcb1-6GalNAca-Sp14,4.7447,,,,
,,Neu5Aca2-3Galb1-3GlcNAcb1-6GalNAca-Sp14,1.982325,,,,
,,(3S)Galb1-3(Fuca1-4)GlcNAcb-Sp0,10.2935,,,,
,,Galb1-4(Fuca1-3)GlcNAcb1-6(Neu5Aca2-6(Neu5Aca2-3Galb1-3)GlcNAcb1-3)Galb1-4Glc-Sp21,15.033675,,,,
,,Fuca1-2Galb1-4GlcNAcb1-6GalNAca-Sp14,9.12785,,,,
,,Gala1-3Galb1-4GlcNAcb1-6GalNAca-Sp14,14.08715,,,,
,,Galb1-4(Fuca1-3)GlcNAcb1-2Mana-Sp0,8.690675,,,,
,,Fuca1-2(6S)Galb1-3GlcNAcb-Sp0,8.8789,,,,
,,Gala1-3(Fuca1-2)Galb1-4GlcNAcb1-6GalNAca-Sp14,7.290875,,,,
,,Fuca1-2Galb1-4GlcNAcb1-2Mana-Sp0,3.20185,,,,
,,Fuca1-2Galb1-3(6S)GlcNAcb-Sp0,696.8312,,,,
,,Fuca1-2(6S)Galb1-3(6S)GlcNAcb-Sp0,7.866725,,,,
,,Neu5Aca2-6GalNAcb1-4(6S)GlcNAcb-Sp8,8.413975,,,,
,,GalNAcb1-4(Fuca1-3)(6S)GlcNAcb-Sp8,9.27725,,,,
,,(3S)GalNAcb1-4(Fuca1-3)GlcNAcb-Sp8,6.754375,,,,
,,Fuca1-2Galb1-3GlcNAcb1-6(Fuca1-2Galb1-3GlcNAcb1-3)GalNAca-Sp14,7.5028,,,,
,,GalNAca1-3(Fuca1-2)Galb1-3GlcNAcb1-6GalNAca-Sp14,564.33265,,,,
,,GlcNAcb1-6(GlcNAcb1-2)Mana1-6(GlcNAcb1-4)(GlcNAcb1-4(GlcNAcb1-2)Mana1-3)Manb1-4GlcNAcb1-4(Fuca1-6)GlcNAc-Sp21,12.80015,,,,
,,Galb1-4GlcNAcb1-6(Galb1-4GlcNAcb1-2)Mana1-6(GlcNAcb1-4)Galb1-4GlcNAcb1-4(Gal b1-4GlcNAcb1-2)Mana1-3)Manb1-4GlcNAcb1-4(Fuca1-6)GlcNAc-Sp21,9.9029,,,,
,,Galb1-3GlcNAca1-3Galb1-4GlcNAcb-Sp8 ,16.153575,,,,
,,Galb1-3(6S)GlcNAcb-Sp8 ,542.288025,,,,
,,(6S)(4S)GalNAcb1-4GlcNAc-Sp8,12.77425,,,,
,,(6S)GalNAcb1-4GlcNAc-Sp8 ,3.424425,,,,
,,(3S)GalNAcb1-4(3S)GlcNAc-Sp8,3.5685,,,,
,,GalNAcb1-4(6S)GlcNAc-Sp8 ,128.13285,,,,
,,(3S)GalNAcb1-4GlcNAc-Sp8 ,78.45385,,,,
,,(4S)GalNacb-Sp10,14.03315,,,,
,,Galb1-4(6P)GlcNAcb-Sp0 ,27.01565,,,,
,,(6P)Galb1-4GlcNAcb-SP0 ,9.4624,,,,
,,GalNAca1-3(Fuca1-2)Galb1-4GlcNAcb1-6GalNAc-Sp14,164.28005,,,,
,,Neu5Aca2-6Galb1-4GlcNAcb1-2Man-Sp0,4.595275,,,,
,,Gala1-3Galb1-4GlcNAcb1-2Mana-Sp0,28.5562,,,,
,,Gala1-3(Fuca1-2)Galb1-4GlcNAcb1-2Mana-Sp0,436.656525,,,,
,,GalNAca1-3(Fuca1-2)Galb1-4 GlcNAcb1-2Mana-Sp0,688.89515,,,,
,, Galb1-3GlcNAcb1-2Mana-Sp0,2.2347,,,,
,,Gala1-3(Fuca1-2)Galb1-3GlcNAcb1-6GalNAc-Sp14,482.04845,,,,
,,Neu5Aca2-3Galb1-3GlcNAcb1-2Mana-Sp0,18.018,,,,
,,Gala1-3Galb1-3GlcNAcb1-2Mana-Sp0,7.320125,,,,
,,GalNAcb1-4GlcNAcb1-2Mana-Sp0,7.7299,,,,
,,Neu5Aca2-3Galb1-3GlcNAcb1-4Galb1-4Glcb-Sp0,2.081825,,,,
,,GlcNAcb1-2 Mana1-6(GlcNAcb1-4)(GlcNAcb1-2Mana1-3)Manb1-4GlcNAcb1-4(Fuca1-6)GlcNAc-Sp21,10.792825,,,,
,,Galb1-4GlcNAcb1-2 Mana1-6(GlcNAcb1-4)(Galb1-4GlcNAcb1-2Mana1-3)Manb1-4GlcNAcb1-4(Fuca1-6)GlcNAc-Sp21,9.63305,,,,
,,Galb1-4GlcNAcb1-2 Mana1-6(Galb1-4GlcNAcb1-4)(Galb1-4GlcNAcb1-2Mana1-3)Manb1-4GlcNAcb1-4(Fuca1-6)GlcNAc-Sp21,8.7183,,,,
,,Fuca1-4(Galb1-3)GlcNAcb1-2 Mana-Sp0,7.954425,,,,
,,Neu5Aca2-3Galb1-4(Fuca1-3)GlcNAcb1-2Mana-Sp0,7.90905,,,,
,,GlcNAcb1-3Galb1-4GlcNAcb1-6(GlcNAcb1-3)Galb1-4GlcNAc-Sp0,10.7016,,,,
,,GalNAca1-3(Fuca1-2)Galb1-3GalNAcb1-3Gala1-4Galb1-4Glc-Sp21,14.0266,,,,
,,Gala1-3(Fuca1-2)Galb1-3GalNAcb1-3Gala1-4Galb1-4Glc-Sp21,6.599925,,,,
,,Galb1-3GalNAcb1-3Gal-Sp21,213.571325,,,,
,,GlcNAcb1-3Galb1-4GlcNAcb1-2Mana1-6(GlcNAcb1-3Galb1-4GlcNAcb1-2Mana1-3)Manb1-4GlcNAcb1-4GlcNAcb-Sp12,8.3792,,,,
,,GlcNAcb1-3Galb1-4GlcNAcb1-2Mana1-6(GlcNAcb1-3Galb1-4GlcNAcb1-2Mana1-3)Manb1-4GlcNAcb1-4GlcNAcb-Sp25,20.3576,,,,
,,Galb1-4GlcNAcb1-3Galb1-4GlcNAcb1-2Mana1-6(Galb1-4GlcNAcb1-3Galb1-4GlcNAcb1-2Mana1-3)Manb1-4GlcNAcb1-4GlcNAcb-Sp12,24.71805,,,,
,,Galb1-4GlcNAcb1-3Galb1-4GlcNAcb1-2Mana1-6(Galb1-4GlcNAcb1-3Galb1-4GlcNAcb1-2Mana1-3)Manb1-4GlcNAcb1-4GlcNAcb-Sp24,19.064775,,,,
,,Neu5Gca2-3Galb1-4GlcNAcb1-3Galb1-4GlcNAcb1-2Mana1-6(Neu5Gca2-3Galb1-4GlcNAcb1-3Galb1-4GlcNAcb1-2Mana1-3)Manb1-4GlcNAcb1-4GlcNAcb-Sp24,13.21845,,,,
,,Fuca1-2Galb1-4GlcNAcb1-3Galb1-4GlcNAcb1-2Mana1-6(Fuca1-2Galb1-4GlcNAcb1-3Galb1-4GlcNAcb1-2Mana1-3)Manb1-4GlcNAcb1-4GlcNAcb-Sp24,13.09845,,,,
,,GlcNAcb1-3Galb1-4GlcNAcb1-3Galb1-4GlcNAcb1-2Mana1-6(GlcNAcb1-3Galb1-4GlcNAcb1-3Galb1-4GlcNAcb1-2Mana1-3)Manb1-4GlcNAcb1-4GlcNAcb-Sp12,25.427175,,,,
,,GlcNAcb1-3Galb1-4GlcNAcb1-3Galb1-4GlcNAcb1-2Mana1-6(GlcNAcb1-3Galb1-4GlcNAcb1-3Galb1-4GlcNAcb1-2Mana1-3)Manb1-4GlcNAcb1-4GlcNAcb-Sp25,25.767625,,,,
,,Galb1-4GlcNAcb1-3Galb1-4GlcNAcb1-3Galb1-4GlcNAcb1-2Mana1-6(Galb1-4GlcNAcb1-3Galb1-4GlcNAcb1-3Galb1-4GlcNAcb1-2Mana1-3)Manb1-4GlcNAcb1-4GlcNAcb-Sp12,9.63055,,,,
,,Galb1-4GlcNAcb1-3Galb1-4GlcNAcb1-3Galb1-4GlcNAcb1-2Mana1-6(Galb1-4GlcNAcb1-3Galb1-4GlcNAcb1-3Galb1-4GlcNAcb1-2Mana1-3)Manb1-4GlcNAcb1-4GlcNAcb-Sp24,20.5938,,,,
,,GlcNAcb1-3Galb1-4GlcNAcb1-3Galb1-4GlcNAcb1-3Galb1-4GlcNAcb1-2Mana1-6(GlcNAcb1-3Galb1-4GlcNAcb1-3Galb1-4GlcNAcb1-3Galb1-4GlcNAcb1-2Mana1-3)Manb1-4GlcNAcb1-4GlcNAcb-Sp25,14.914575,,,,
,,Galb1-4GlcNAcb1-3Galb1-4GlcNAcb1-3Galb1-4GlcNAcb1-3Galb1-4GlcNAcb1-2Mana1-6(Galb1-4GlcNAcb1-3Galb1-4GlcNAcb1-3Galb1-4GlcNAcb1-3Galb1-4GlcNAcb1-2Mana1-3)Manb1-4GlcNAcb1-4GlcNAcb-Sp25,23.309275,,,,
,,Galb1-3GlcNAcb1-3Galb1-4GlcNAcb1-2Mana1-6(Galb1-3GlcNAcb1-3Galb1-4GlcNAcb1-2Mana1-3)Manb1-4GlcNAcb1-4GlcNAc-Sp25,21.9577,,,,
,,Neu5Gca2-8Neu5Gca2-3Galb1-4GlcNAc-Sp0,5.16815,,,,
,,Neu5Aca2-8Neu5Gca2-3Galb1-4GlcNAc-Sp0,18.320475,,,,
,,Neu5Gca2-8Neu5Aca2-3Galb1-4GlcNAc-Sp0,14.507575,,,,
,,Neu5Gca2-8Neu5Gca2-3Galb1-4GlcNAcb1-3Galb1-4GlcNAc-Sp0,6.05895,,,,
,,Neu5Gca2-8Neu5Gca2-6Galb1-4GlcNAc-Sp0,9.0101,,,,
,,Neu5Aca2-8Neu5Aca2-3Galb1-4GlcNAc-Sp0,18.875875,,,,
,,GlcNAcb1-3Galb1-4GlcNAcb1-6(GlcNAcb1-3Galb1-4GlcNAcb1-2)Mana1-6(GlcNAcb1-3Galb1-4GlcNAcb1-2)Man a1-3)Manb1-4GlcNAcb1-4GlcNAc-Sp24,,,,,
,,Galb1-4GlcNAcb1-3Galb1-4GlcNAcb1-6(Galb1-4GlcNAcb1-3Galb1-4GlcNAcb1-2)Mana1-6(Galb1-4GlcNAcb1-3Galb1-4GlcNAcb1-2Mana1-3)Mana1-4GlcNAcb1-4GlcNAc-Sp24,26.3458,,,,
,,Gala1-3Galb1-4GlcNAcb1-2Mana1-6(Gala1-3Galb1-4GlcNAcb1-2Mana1-3)Manb1-4GlcNAcb1-4GlcNAc-Sp24,14.535375,,,,
,,GlcNAcb1-3Galb1-4GlcNAcb1-6(GlcNAcb1-3Galb1-3)GalNAca-Sp14,50.16655,,,,
,,GalNAcb1-3GlcNAcb-Sp0 ,11.6312,,,,
,,GalNAcb1-4GlcNAcb1-3GalNAcb1-4GlcNAcb-Sp0 ,10.66155,,,,
,,GlcNAcb1-3Galb1-4GlcNAcb1-3Galb1-4GlcNAcb1-3Galb1-4GlcNAcb1-3Galb1-4GlcNAcb1-2Mana1-6(GlcNAcb1-3Galb1-4GlcNAcb1-3Galb1-4GlcNAcb1-3Galb1-4GlcNAcb1-3Galb1-4GlcNAcb1-2Mana1-3)Manb1-4GlcNAcb1-4GlcNAcb-Sp25,11.88125,,,,
,,Galb1-4GlcNAcb1-3Galb1-4GlcNAcb1-3Galb1-4GlcNAcb1-3Galb1-4GlcNAcb1-3Galb1-4GlcNAcb1-2Mana1-6(Galb1-4GlcNAcb1-3Galb1-4GlcNAcb1-3Galb1-4GlcNAcb1-3Galb1-4GlcNAcb1-3Galb1-4GlcNAcb1-2Mana1-3)Manb1-4GlcNAcb1-4GlcNAcb-Sp25,22.281475,,,,
,,GlcNAb1-3Galb1-3GalNAc-Sp14,16.18085,,,,
,,Galb1-3GlcNAcb1-6(Galb1-3)GalNAc-Sp14,6.35275,,,,
,,Galb1-4GlcNAcb1-3Galb1-4GlcNAcb1-3Galb1-4GlcNAcb1-3Galb1-4GlcNAcb1-3Galb1-4GlcNAcb1-3Galb1-4GlcNAcb1-2Mana1-6(Galb1-4GlcNAcb1-3Galb1-4GlcNAcb1-3Galb1-4GlcNAcb1-3Galb1-4GlcNAcb1-3Galb1-4GlcNAcb1-3Galb1-4GlcNAcb1-2Mana1-3)Manb1-4GlcNAcb1-4GlcNAcb-Sp25,30.63225,,,,
,,(3S)GlcAb1-3Galb1-4GlcNAcb1-3Galb1-4Glc-Sp0,18.381025,,,,
,,(3S)GlcAb1-3Galb1-4GlcNAcb1-2Mana-Sp0,1.952975,,,,
,,Galb1-3GlcNAcb1-3Galb1-4GlcNAcb1-3Galb1-4GlcNAcb1-6(Galb1-3GlcNAcb1-3Galb1-4GlcNAcb1-3Galb1-4GlcNAb1-2)Mana1-6(Galb1-3GlcNAcb1-3Galb1-4GlcNAcb1-3Galb1-4GlcNAcb1-2Mana1-3)Manb1-4GlcNAcb1-4(Fuca1-6)GlcNAcb-Sp24,22.524025,,,,
,,Galb1-3GlcNAcb1-3Galb1-4GlcNAcb1-6(Galb1-3GlcNAcb1-3Galb1-4GlcNAb1-2)Mana1-6(Galb1-3GlcNAcb1-3Galb1-4GlcNAcb1-2Mana1-3)Manb1-4GlcNAcb1-4(Fuca1-6)GlcNAcb-Sp24,10.82015,,,,
,,Neu5Aca2-8Neu5Aca2-3Galb1-3GalNAcb1-4(Neu5Aca2-3)Galb1-4Glc-Sp21,15.51165,,,,
,,GlcNAcb1-3Galb1-4GlcNAcb1-2Mana1-6(GlcNAcb1-3Galb1-4GlcNAcb1-2Mana1-3)Manb1-4GlcNAcb1-4(Fuca1-6)GlcNAcb-Sp24,14.547125,,,,
,,Galb1-4GlcNAcb1-3Galb1-4GlcNAcb1-2Mana1-6(Galb1-4GlcNAcb1-3Galb1-4GlcNAcb1-2Mana1-3)Manb1-4GlcNAcb1-4(Fuca1-6)GlcNAcb-Sp24,20.4007,,,,
,,GlcNAcb1-3Galb1-4GlcNAcb1-3Galb1-4GlcNAcb1-2Mana1-6(GlcNAcb1-3Galb1-4GlcNAcb1-3Galb1-4GlcNAcb1-2Mana1-3)Manb1-4GlcNAcb1-4(Fuca1-6)GlcNAcb-Sp24,24.00485,,,,
,,Galb1-4GlcNAcb1-3Galb1-4GlcNAcb1-3Galb1-4GlcNAcb1-2Mana1-6(Galb1-4GlcNAcb1-3Galb1-4GlcNAcb1-3Galb1-4GlcNAcb1-2Mana1-3)Manb1-4GlcNAcb1-4(Fuca1-6)GlcNAcb-Sp24,12.956,,,,
,,GlcNAcb1-3Galb1-4GlcNAcb1-3Galb1-4GlcNAcb1-3Galb1-4GlcNAcb1-2Mana1-6(GlcNAcb1-3Galb1-4GlcNAcb1-3Galb1-4GlcNAcb1-3Galb1-4GlcNAcb1-2Mana1-3)Manb1-4GlcNAcb1-4(Fuca1-6)GlcNAcb-Sp24,26.672975,,,,
,,Galb1-4GlcNAcb1-3Galb1-4GlcNAcb1-3Galb1-4GlcNAcb1-3Galb1-4GlcNAcb1-2Mana1-6(Galb1-4GlcNAcb1-3Galb1-4GlcNAcb1-3Galb1-4GlcNAcb1-3Galb1-4GlcNAcb1-2Mana1-3)Manb1-4GlcNAcb1-4(Fuca1-6)GlcNAcb-Sp24,28.512975,,,,
,,GlcNAcb1-3Galb1-4GlcNAcb1-3Galb1-4GlcNAcb1-3Galb1-4GlcNAcb1-3Galb1-4GlcNAcb1-2Mana1-6(GlcNAcb1-3Galb1-4GlcNAcb1-3Galb1-4GlcNAcb1-3Galb1-4GlcNAcb1-3Galb1-4GlcNAcb1-2Mana1-3)Manb1-4GlcNAcb1-4(Fuca1-6)GlcNAcb-Sp19,9.321625,,,,
,,Galb1-4GlcNAcb1-3Galb1-4GlcNAcb1-3Galb1-4GlcNAcb1-3Galb1-4GlcNAcb1-3Galb1-4GlcNAcb1-2Mana1-6(Galb1-4GlcNAcb1-3Galb1-4GlcNAcb1-3Galb1-4GlcNAcb1-3Galb1-4GlcNAcb1-3Galb1-4GlcNAcb1-2Mana1-3)Manb1-4GlcNAcb1-4(Fuca1-6)GlcNAcb-Sp19,10.303775,,,,
,,Galb1-4GlcNAcb1-3Galb1-4GlcNAcb1-6(Galb1-4GlcNAcb1-3Galb1-4GlcNAb1-2)Mana1-6(Galb1-4GlcNAcb1-3Galb1-4GlcNAcb1-2Mana1-3)Manb1-4GlcNAcb1-4(Fuca1-6)GlcNAcb-Sp24,35.345975,,,,
,,GlcNAcb1-3Galb1-4GlcNAcb1-3Galb1-4GlcNAcb1-6(GlcNAcb1-3Galb1-4GlcNAcb1-3Galb1-4GlcNAb1-2)Mana1-6(GlcNAcb1-3Galb1-4GlcNAcb1-3Galb1-4GlcNAcb1-2Mana1-3)Manb1-4GlcNAcb1-4(Fuca1-6)GlcNAcb-Sp24,10.5493,,,,
,,Galb1-4GlcNAcb1-3Galb1-4GlcNAcb1-3Galb1-4GlcNAcb1-6(Galb1-4GlcNAcb1-3Galb1-4GlcNAcb1-3Galb1-4GlcNAb1-2)Mana1-6(Galb1-4GlcNAcb1-3Galb1-4GlcNAcb1-3Galb1-4GlcNAcb1-2Mana1-3)Manb1-4GlcNAcb1-4(Fuca1-6)GlcNAcb-Sp24,49.20005,,,,
,,GlcNAcb1-3Galb1-4GlcNAcb1-3Galb1-4GlcNAcb1-3Galb1-4GlcNAcb1-6(GlcNAcb1-3Galb1-4GlcNAcb1-3Galb1-4GlcNAcb1-3Galb1-4GlcNAb1-2)Mana1-6(GlcNAcb1-3Galb1-4GlcNAcb1-3Galb1-4GlcNAcb1-3Galb1-4GlcNAcb1-2Mana1-3)Manb1-4GlcNAcb1-4(Fuca1-6)GlcNAcb-Sp24,15.863975,,,,
,,Galb1-4GlcNAcb1-3Galb1-4GlcNAcb1-3Galb1-4GlcNAcb1-3Galb1-4GlcNAcb1-6(Galb1-4GlcNAcb1-3Galb1-4GlcNAcb1-3Galb1-4GlcNAcb1-3Galb1-4GlcNAb1-2)Mana1-6(Galb1-4GlcNAcb1-3Galb1-4GlcNAcb1-3Galb1-4GlcNAcb1-3Galb1-4GlcNAcb1-2Mana1-3)Manb1-4GlcNAcb1-4(Fuca1-6)GlcNAcb-Sp24,30.480325,,,,
,,GlcNAcb1-3Galb1-4GlcNAcb1-3Galb1-4GlcNAcb1-3Galb1-4GlcNAcb1-3Galb1-4GlcNAcb1-6(GlcNAcb1-3Galb1-4GlcNAcb1-3Galb1-4GlcNAcb1-3Galb1-4GlcNAcb1-3Galb1-4GlcNAb1-2)Mana1-6(GlcNAcb1-3Galb1-4GlcNAcb1-3Galb1-4GlcNAcb1-3Galb1-4GlcNAcb1-3Galb1-4GlcNAcb1-2Mana1-3)Manb1-4GlcNAcb1-4(Fuca1-6)GlcNAcb-Sp24,15.7458,,,,
,,Galb1-4GlcNAcb1-3Galb1-4GlcNAcb1-3Galb1-4GlcNAcb1-3Galb1-4GlcNAcb1-3Galb1-4GlcNAcb1-6(Galb1-4GlcNAcb1-3Galb1-4GlcNAcb1-3Galb1-4GlcNAcb1-3Galb1-4GlcNAcb1-3Galb1-4GlcNAb1-2)Mana1-6(Galb1-4GlcNAcb1-3Galb1-4GlcNAcb1-3Galb1-4GlcNAcb1-3Galb1-4GlcNAcb1-3Galb1-4GlcNAcb1-2Mana1-3)Manb1-4GlcNAcb1-4(Fuca1-6)GlcNAcb-Sp24,26.911075,,,,
,,Galb1-4GlcNAcb1-3Galb1-4GlcNAcb1-3GalNAca-Sp14,23.28445,,,,
,,Galb1-4GlcNAcb1-3Galb1-4GlcNAcb1-6(Galb1-3)GalNAca-Sp14,13.2531,,,,
,,Galb1-4GlcNAcb1-3Galb1-4GlcNAcb1-6(Galb1-4GlcNAcb1-3Galb1-4GlcNAcb1-3)GalNAca-Sp14,12.68845,,,,
,,Neu5Aca2-3Galb1-4GlcNAcb1-3Galb1-4GlcNAcb1-3GalNAca-Sp14,6.02,,,,
,,GlcNAcb1-3Galb1-4GlcNAcb1-3GalNAca-Sp14,21.77625,,,,
,,GlcNAcb1-3Galb1-4GlcNAcb1-6(Galb1-3)GalNAca-Sp14,26.509175,,,,
,,GlcNAcb1-3Galb1-4GlcNAcb1-6(GlcNAcb1-3Galb1-4GlcNAcb1-3)GalNAca-Sp14,14.195725,,,,
,,Neu5Aca2-3Galb1-4GlcNAcb1-3Galb1-4GlcNAcb1-6(Neu5Aca2-3Galb1-4GlcNAcb1-3Galb1-4GlcNAcb1-3)GalNAca-Sp14,13.2344,,,,
,,Neu5Aca2-6Galb1-4GlcNAcb1-3Galb1-4GlcNAcb1-3GalNAca-Sp14,29.4482,,,,
,,GlcNAcb1-3Galb1-4GlcNAcb1-3Galb1-4GlcNAcb1-3GalNAca-Sp14,7.3567,,,,
,,Galb1-4GlcNAcb1-3Galb1-3GalNAca-Sp14,73.341025,,,,
,,Neu5Aca2-3Galb1-4GlcNAcb1-3Galb1-4GlcNAcb1-6(Galb1-3)GalNAca-Sp14,5.85775,,,,
,,Neu5Aca2-6Galb1-4GlcNAcb1-3Galb1-4GlcNAcb1-6(Galb1-3)GalNAca-Sp14,48.760225,,,,
,,Neu5Aca2-6Galb1-4GlcNAcb1-6(Galb1-3)GalNAca-Sp14,10.269725,,,,
,,Neu5Aca2-3Galb1-4GlcNAcb1-3Galb1-4GlcNAcb1-2Mana1-6(Neu5Aca2-3Galb1-4GlcNAcb1-3Galb1-4GlcNAcb1-2Mana1-3)Manb1-4GlcNAcb1-4GlcNAcb-Sp12,11.76555,,,,
,,GlcNAcb1-6(Neu5Aca2-3Galb1-3)GalNAca-Sp14,3.937675,,,,
,,Neu5Aca2-6Galb1-4GlcNAcb1-3Galb1-4GlcNAcb1-6(Neu5Aca2-6Galb1-4GlcNAcb1-3Galb1-4GlcNAcb1-3)GalNAca-Sp14,14.691125,,,,
,,Neu5Aca2-6Galb1-4GlcNAcb1-3Galb1-4GlcNAcb1-3Galb1-4GlcNAcb1-2Mana1-6(Neu5Aca2-6Galb1-4GlcNAcb1-3Galb1-4GlcNAcb1-3Galb1-4GlcNAcb1-2Mana1-3)Manb1-4GlcNAcb1-4GlcNAcb-Sp12,8.383375,,,,
,,Neu5Aca2-3Galb1-4GlcNAcb1-3Galb1-4GlcNAcb1-3Galb1-4GlcNAcb1-2Mana1-6(Neu5Aca2-3Galb1-4GlcNAcb1-3Galb1-4GlcNAcb1-3Galb1-4GlcNAcb1-2Mana1-3)Manb1-4GlcNAcb1-4GlcNAcb-Sp12,19.624175,,,,
,,Neu5Aca2-6Galb1-4GlcNAcb1-3Galb1-4GlcNAcb1-2Mana1-6(Neu5Aca2-6Galb1-4GlcNAcb1-3Galb1-4GlcNAcb1-2Mana1-3)Manb1-4GlcNAcb1-4GlcNAcb-Sp12,12.15945,,,,
,,GlcNAcb1-3Fuca-Sp21,13.275525,,,,
,,Galb1-3GalNAcb1-4(Neu5Aca2-8Neu5Aca2-8Neu5Aca2-3)Galb1-4Glcb-Sp21,5.121425,,,,