Index,IUPAC
1,Gal(a1-Sp8
2,Glc(a1-Sp8
3,Man(a1-Sp8
4,GalNAc(a1-Sp8
5,GalNAc(a1-Sp15
6,Fuc(a1-Sp8
7,Fuc(a1-Sp9
8,Rha(a1-Sp8
9,Neu5Ac(a1-Sp8
10,Neu5Ac(a1-Sp11
11,Neu5Ac(b1-Sp8
12,Gal(b1-Sp8
13,Glc(b1-Sp8
14,Man(b1-Sp8
15,GalNAc(b1-Sp8
16,GlcNAc(b1-Sp0
17,GlcNAc(b1-Sp8
18,GlcN(Gc)(b1-Sp8
19,Gal(b1-4)GlcNAc(b1-6)[Gal(b1-4)GlcNAc(b1-3)]GalNAc(a1-Sp8
20,Gal(b1-4)GlcNAc(b1-6)[Gal(b1-4)GlcNAc(b1-3)]GalNAc(b1-Sp14
21,GlcNAc(b1-6)[GlcNAc(b1-4)][GlcNAc(b1-3)]GlcNAc(b1-Sp8
22,6S(3S)Gal(b1-4)(6S)GlcNAc(b1-Sp0
23,6S(3S)Gal(b1-4)GlcNAc(b1-Sp0
24,(3S)Gal(b1-4)[Fuc(a1-3)](6S)Glc(1-Sp0
25,(3S)Gal(b1-4)Glc(b1-Sp8
26,(3S)Gal(b1-4)(6S)Glc(b1-Sp0
27,(3S)Gal(b1-4)(6S)Glc(b1-Sp8
28,(3S)Gal(b1-3)[Fuc(a1-4)]GlcNAc(b1-Sp8
29,(3S)Gal(b1-3)GalNAc(a1-Sp8
30,(3S)Gal(b1-3)GlcNAc(b1-Sp0
31,(3S)Gal(b1-3)GlcNAc(b1-Sp8
32,(3S)Gal(b1-4)[Fuc(a1-3)]GlcNAc(1-Sp0
33,(3S)Gal(b1-4)[Fuc(a1-3)]GlcNAc(1-Sp8
34,(3S)Gal(b1-4)(6S)GlcNAc(b1-Sp0
35,(3S)Gal(b1-4)(6S)GlcNAc(b1-Sp8
36,(3S)Gal(b1-4)GlcNAc(b1-Sp0
37,(3S)Gal(b1-4)GlcNAc(b1-Sp8
38,(3S)Gal(b1-Sp8
39,(6S)(4S)Gal(b1-4)GlcNAc(b1-Sp0
40,(4S)Gal(b1-4)GlcNAc(b1-Sp8
41,(6P)Man(a1-Sp8
42,(6S)Gal(b1-4)Glc(b1-Sp0
43,(6S)Gal(b1-4)Glc(b1-Sp8
44,(6S)Gal(b1-4)GlcNAc(b1-Sp8
45,(6S)Gal(b1-4)(6S)Glc(b1-Sp8
46,Neu5Ac(a2-3)(6S)Gal(b1-4)GlcNAc(b1-Sp8
47,(6S)GlcNAc(b1-Sp8
48,"Neu5,9Ac2(a1-Sp8"
49,"Neu5,9Ac2(a2-6)Gal(b1-4)GlcNAc(b1-Sp8"
50,Man(a1-6)[Man(a1-3)]Man(b1-4)GlcNAc(b1-4)GlcNAc(b1-Sp12
51,Man(a1-6)[Man(a1-3)]Man(b1-4)GlcNAc(b1-4)GlcNAc(b1-Sp13
52,GlcNAc(b1-2)Man(a1-6)[GlcNAc(b1-2)Man(a1-3)]Man(b1-4)GlcNAc(b1-4)GlcNAc(b1-Sp12
53,GlcNAc(b1-2)Man(a1-6)[GlcNAc(b1-2)Man(a1-3)]Man(b1-4)GlcNAc(b1-4)GlcNAc(b1-Sp13
54,Gal(b1-4)GlcNAc(b1-2)Man(a1-6)[Gal(b1-4)GlcNAc(b1-2)Man(a1-3)]Man(b1-4)GlcNAc(b1-4)GlcNAc(b1-Sp12
55,Neu5Ac(a2-6)Gal(b1-4)GlcNAc(b1-2)Man(a1-6)[Neu5Ac(a2-6)Gal(b1-4)GlcNAc(b1-2)Man(a1-3)]Man(b1-4)GlcNAc(b1-4)GlcNAc(b1-Sp12
56,Neu5Ac(a2-6)Gal(b1-4)GlcNAc(b1-2)Man(a1-6)[Neu5Ac(a2-6)Gal(b1-4)GlcNAc(b1-2)Man(a1-3)]Man(b1-4)GlcNAc(b1-4)GlcNAc(b1-Sp13
57,Neu5Ac(a2-6)Gal(b1-4)GlcNAc(b1-2)Man(a1-6)[Neu5Ac(a2-6)Gal(b1-4)GlcNAc(b1-2)M(an-a)(a1-3)]Man(b1-4)GlcNAc(b1-4)GlcNAc(b1-Sp21
58,Neu5Ac(a2-6)Gal(b1-4)GlcNAc(b1-2)Man(a1-6)[Neu5Ac(a2-6)Gal(b1-4)GlcNAc(b1-2)Man(a1-3)]Man(b1-4)GlcNAc(b1-4)GlcNAc(b1-Sp24
59,Fuc(a1-2)Gal(b1-3)GalNAc(b1-3)Gal(a1-Sp9
60,Fuc(a1-2)Gal(b1-3)GalNAc(b1-3)Gal(a1-4)Gal(b1-4)Glc(b1-Sp9
61,Fuc(a1-2)Gal(b1-3)[Fuc(a1-4)]GlcNAc(b1-Sp8
62,Fuc(a1-2)Gal(b1-3)GalNAc(a1-Sp8
63,Fuc(a1-2)Gal(b1-3)GalNAc(a1-Sp14
64,Fuc(a1-2)Gal(b1-3)GalNAc(b1-4)[Neu5Ac(a2-3)]Gal(b1-4)Glc(b1-Sp0
65,Fuc(a1-2)Gal(b1-3)GalNAc(b1-4)[Neu5Ac(a2-3)]Gal(b1-4)Glc(b1-Sp9
66,Fuc(a1-2)Gal(b1-3)GlcNAc(b1-3)Gal(b1-4)Glc(b1-Sp8
67,Fuc(a1-2)Gal(b1-3)GlcNAc(b1-3)Gal(b1-4)Glc(b1-Sp10
68,Fuc(a1-2)Gal(b1-3)GlcNAc(b1-Sp0
69,Fuc(a1-2)Gal(b1-3)GlcNAc(b1-Sp8
70,Fuc(a1-2)Gal(b1-4)[Fuc(a1-3)]GlcNAc(b1-3)Gal(b1-4)[Fuc(a1-3)]GlcNAc(b1-Sp0
71,Fuc(a1-2)Gal(b1-4)[Fuc(a1-3)]GlcNAc(b1-3)Gal(b1-4)[Fuc(a1-3)]GlcNAc(b1-3)Gal(b1-4)[Fuc(a1-3)]GlcNAc(b1-Sp0
72,Fuc(a1-2)Gal(b1-4)[Fuc(a1-3)]GlcNAc(b1-Sp0
73,Fuc(a1-2)Gal(b1-4)[Fuc(a1-3)]GlcNAc(b1-Sp8
74,Fuc(a1-2)Gal(b1-4)GlcNAc(b1-3)Gal(b1-4)GlcNAc(b1-Sp0
75,Fuc(a1-2)Gal(b1-4)GlcNAc(b1-3)Gal(b1-4)GlcNAc(b1-3)Gal(b1-4)GlcNAc(b1-Sp0
76,Fuc(a1-2)Gal(b1-4)GlcNAc(b1-Sp0
77,Fuc(a1-2)Gal(b1-4)GlcNAc(b1-Sp8
78,Fuc(a1-2)Gal(b1-4)Glc(b1-Sp0
79,Fuc(a1-2)Gal(b1-Sp8
80,Fuc(a1-3)GlcNAc(b1-Sp8
81,Fuc(a1-4)GlcNAc(b1-Sp8
82,Fuc(b1-3)GlcNAc(b1-Sp8
83,GalNAc(a1-3)[Fuc(a1-2)]Gal(b1-3)GlcNAc(b1-Sp0
84,GalNAc(a1-3)[Fuc(a1-2)]Gal(b1-4)[Fuc(a1-3)]GlcNAc(b1-Sp0
85,(3S)Gal(b1-4)[Fuc(a1-3)]Glc(b1-Sp0
86,GalNAc(a1-3)[Fuc(a1-2)]Gal(b1-4)GlcNAc(b1-Sp0
87,GalNAc(a1-3)[Fuc(a1-2)]Gal(b1-4)GlcNAc(b1-Sp8
88,GalNAc(a1-3)[Fuc(a1-2)]Gal(b1-4)Glc(b1-Sp0
89,GlcNAc(b1-3)Gal(b1-3)GalNAc(a1-Sp8
90,GalNAc(a1-3)[Fuc(a1-2)]Gal(b1-Sp8
91,GalNAc(a1-3)[Fuc(a1-2)]Gal(b1-Sp18
92,GalNAc(a1-3)GalNAc(b1-Sp8
93,GalNAc(a1-3)Gal(b1-Sp8
94,GalNAc(a1-4)[Fuc(a1-2)]Gal(b1-4)GlcNAc(b1-Sp8
95,GalNAc(b1-3)GalNAc(a1-Sp8
96,GalNAc(b1-3)[Fuc(a1-2)]Gal(b1-Sp8
97,GalNAc(b1-3)Gal(a1-4)Gal(b1-4)GlcNAc(b1-Sp0
98,GalNAc(b1-4)[Fuc(a1-3)]GlcNAc(b1-Sp0
99,GalNAc(b1-4)GlcNAc(b1-Sp0
100,GalNAc(b1-4)GlcNAc(b1-Sp8
101,Gal(a1-2)Gal(b1-Sp8
102,Gal(a1-3)[Fuc(a1-2)]Gal(b1-3)GlcNAc(b1-Sp0
103,Gal(a1-3)[Fuc(a1-2)]Gal(b1-3)GlcNAc(b1-Sp8
104,Gal(a1-3)[Fuc(a1-2)]Gal(b1-4)[Fuc(a1-3)]GlcNAc(b1-Sp0
105,Gal(a1-3)[Fuc(a1-2)]Gal(b1-4)[Fuc(a1-3)]GlcNAc(b1-Sp8
106,Gal(a1-3)[Fuc(a1-2)]Gal(b1-4)GlcNAc(b1-Sp0
107,Gal(a1-3)[Fuc(a1-2)]Gal(b1-4)Glc(b1-Sp0
108,Gal(a1-3)[Fuc(a1-2)]Gal(b1-Sp8
109,Gal(a1-3)[Fuc(a1-2)]Gal(b1-Sp18
110,Gal(a1-4)[Gal(a1-3)]Gal(b1-4)GlcNAc(b1-Sp8
111,Gal(a1-3)GalNAc(a1-Sp8
112,Gal(a1-3)GalNAc(a1-Sp16
113,Gal(a1-3)GalNAc(b1-Sp8
114,Gal(a1-3)Gal(b1-4)[Fuc(a1-3)]GlcNAc(b1-Sp8
115,Gal(a1-3)Gal(b1-3)GlcNAc(b1-Sp0
116,Gal(a1-3)Gal(b1-4)GlcNAc(b1-Sp8
117,Gal(a1-3)Gal(b1-4)Glc(b1-Sp0
118,Gal(a1-3)Gal(b1-4)Glc(b1-Sp10
119,Gal(a1-3)Gal(b1-Sp8
120,Gal(a1-4)[Fuc(a1-2)]Gal(b1-4)GlcNAc(b1-Sp8
121,Gal(a1-4)Gal(b1-4)GlcNAc(b1-Sp0
122,Gal(a1-4)Gal(b1-4)GlcNAc(b1-Sp8
123,Gal(a1-4)Gal(b1-4)Glc(b1-Sp0
124,Gal(a1-4)GlcNAc(b1-Sp8
125,Gal(a1-6)Glc(b1-Sp8
126,Gal(b1-2)Gal(b1-Sp8
127,Gal(b1-3)[Fuc(a1-4)]GlcNAc(b1-3)Gal(b1-4)[Fuc(a1-3)]GlcNAc(b1-Sp0
128,Gal(b1-3)[Fuc(a1-4)]GlcNAc(b1-3)Gal(b1-4)GlcNAc(b1-Sp0
129,Gal(b1-3)[Fuc(a1-4)]GlcNAc(b1-Sp0 
130,Gal(b1-3)[Fuc(a1-4)]GlcNAc(b1-Sp8 
131,Fuc(a1-4)[Gal(b1-3)]GlcNAc(b1-Sp8
132,Gal(b1-4)GlcNAc(b1-6)GalNAc(a1-Sp8
133,Gal(b1-4)GlcNAc(b1-6)GalNAc(b1-Sp14
134,GlcNAc(b1-6)[Gal(b1-3)]GalNAc(a1-Sp8 
135,GlcNAc(b1-6)[Gal(b1-3)]GalNAc(a1-Sp14
136,Neu5Ac(a2-6)[Gal(b1-3)]GalNAc(a1-Sp8
137,Neu5Ac(a2-6)[Gal(b1-3)]GalNAc(a1-Sp14
138,Neu5Ac(b2-6)[Gal(b1-3)]GalNAc(a1-Sp8
139,Neu5Ac(a2-6)[Gal(b1-3)]GlcNAc(b1-4)Gal(b1-4)Glc(b1-Sp10
140,Gal(b1-3)GalNAc(a1-Sp8
141,Gal(b1-3)GalNAc(a1-Sp14
142,Gal(b1-3)GalNAc(a1-Sp16
143,Gal(b1-3)GalNAc(b1-Sp8
144,Gal(b1-3)GalNAc(b1-3)Gal(a1-4)Gal(b1-4)Glc(b1-Sp0
145,Gal(b1-3)GalNAc(b1-4)[Neu5Ac(a2-3)]Gal(b1-4)Glc(b1-Sp0
146,Gal(b1-3)GalNAc(b1-4)Gal(b1-4)Glc(b1-Sp8
147,Gal(b1-3)Gal(b1-Sp8
148,Gal(b1-3)GlcNAc(b1-3)Gal(b1-4)GlcNAc(b1-Sp0
149,Gal(b1-3)GlcNAc(b1-3)Gal(b1-4)Glc(b1-Sp10
150,Gal(b1-3)GlcNAc(b1-Sp0
151,Gal(b1-3)GlcNAc(b1-Sp8
152,Gal(b1-4)[Fuc(a1-3)]GlcNAc(b1-Sp0
153,Gal(b1-4)[Fuc(a1-3)]GlcNAc(b1-Sp8
154,Gal(b1-4)[Fuc(a1-3)]GlcNAc(b1-4)Gal(b1-4)[Fuc(a1-3)]GlcNAc(b1-Sp0
155,Gal(b1-4)[Fuc(a1-3)]GlcNAc(b1-4)Gal(b1-4)[Fuc(a1-3)]GlcNAc(b1-4)Gal(b1-4)[Fuc(a1-3)]GlcNAc(b1-Sp0
156,Gal(b1-4)(6S)Glc(b1-Sp0
157,Gal(b1-4)(6S)Glc(b1-Sp8
158,Gal(b1-4)GalNAc(a1-3)[Fuc(a1-2)]Gal(b1-4)GlcNAc(b1-Sp8
159,Gal(b1-4)GalNAc(b1-3)[Fuc(a1-2)]Gal(b1-4)GlcNAc(b1-Sp8
160,Gal(b1-4)GlcNAc(b1-3)GalNAc(a1-Sp8
161,Gal(b1-4)GlcNAc(b1-3)GalNAc(b1-Sp14
162,Gal(b1-4)GlcNAc(b1-3)Gal(b1-4)[Fuc(a1-3)]GlcNAc(b1-3)Gal(b1-4)[Fuc(a1-3)]GlcNAc(b1-Sp0
163,Gal(b1-4)GlcNAc(b1-3)Gal(b1-4)GlcNAc(b1-3)Gal(b1-4)GlcNAc(b1-Sp0
164,Gal(b1-4)GlcNAc(b1-3)Gal(b1-4)GlcNAc(b1-Sp0
165,Gal(b1-4)GlcNAc(b1-3)Gal(b1-4)Glc(b1-Sp0
166,Gal(b1-4)GlcNAc(b1-3)Gal(b1-4)Glc(b1-Sp8
167,Gal(b1-4)GlcNAc(b1-6)[Gal(b1-3)]GalNAc(a1-Sp8
168,Gal(b1-3)[Gal(b1-4)GlcNAc(b1-6)]GalNAc(a1-Sp8
169,Gal(b1-4)GlcNAc(b1-6)[Gal(b1-3)]GalNAc(b1-Sp14
170,Gal(b1-4)GlcNAc(b1-Sp0
171,Gal(b1-4)GlcNAc(b1-Sp8
172,Gal(b1-4)GlcNAc(b1-Sp23
173,Gal(b1-4)Glc(b1-Sp0
174,Gal(b1-4)Glc(b1-Sp8
175,GlcNAc(a1-3)Gal(b1-4)GlcNAc(b1-Sp8
176,GlcNAc(a1-6)Gal(b1-4)GlcNAc(b1-Sp8
177,GlcNAc(b1-2)Gal(b1-3)GalNAc(a1-Sp8
178,GlcNAc(b1-6)[GlcNAc(b1-3)]GalNAc(a1-Sp8
179,GlcNAc(b1-6)[GlcNAc(b1-3)]GalNAc(a1-Sp14
180,GlcNAc(b1-6)[GlcNAc(b1-3)]Gal(b1-4)GlcNAc(b1-Sp8
181,GlcNAc(b1-3)GalNAc(a1-Sp8
182,GlcNAc(b1-3)GalNAc(a1-Sp14
183,GlcNAc(b1-3)Gal(b1-Sp8
184,GlcNAc(b1-3)Gal(b1-4)GlcNAc(b1-Sp0
185,GlcNAc(b1-3)Gal(b1-4)GlcNAc(b1-Sp8
186,GlcNAc(b1-3)Gal(b1-4)GlcNAc(b1-3)Gal(b1-4)GlcNAc(b1-Sp0
187,GlcNAc(b1-3)Gal(b1-4)Glc(b1-Sp0
188,GlcNAc(b1-MDPLys
189,GlcNAc(b1-6)[GlcNAc(b1-4)]GalNAc(a1-Sp8
190,GlcNAc(b1-4)Gal(b1-4)GlcNAc(b1-Sp8
191,GlcNAc(b1-4)GlcNAc(b1-4)GlcNAc(b1-4)GlcNAc(b1-4)GlcNAc(b1-4)GlcNAc(b1-Sp8
192,GlcNAc(b1-4)GlcNAc(b1-4)GlcNAc(b1-4)GlcNAc(b1-4)GlcNAc(b1-Sp8
193,GlcNAc(b1-4)GlcNAc(b1-4)GlcNAc(b1-Sp8
194,GlcNAc(b1-6)[Gal(b1-3)]GalNAc(a1-Sp8
195,GlcNAc(b1-6)GalNAc(a1-Sp8
196,GlcNAc(b1-6)GalNAc(a1-Sp14
197,GlcNAc(b1-6)Gal(b1-4)GlcNAc(b1-Sp8
198,Glc(a1-4)Glc(b1-Sp8
199,Glc(a1-4)Glc(a1-Sp8
200,Glc(a1-6)Glc(a1-6)Glc(b1-Sp8
201,Glc(b1-4)Glc(b1-Sp8
202,Glc(b1-6)Glc(b1-Sp8
203,G-ol(1-Sp8
204,GlcA(a1-Sp8
205,GlcA(b1-Sp8
206,GlcA(b1-3)Gal(b1-Sp8
207,GlcA(b1-6)Gal(b1-Sp8
208,KDN(a2-3)Gal(b1-3)GlcNAc(b1-Sp0
209,KDN(a2-3)Gal(b1-4)GlcNAc(b1-Sp0
210,Man(a1-2)Man(a1-2)Man(a1-3)Man(a1-Sp9
211,Man(a1-2)Man(a1-6)[Man(a1-2)Man(a1-3)]Man(a1-Sp9
212,Man(a1-2)Man(a1-3)Man(a1-Sp9
213,Man(a1-6)[Man(a1-2)Man(a1-3)]Man(a1-6)[Man(a1-2)Man(a1-3)]Man(b1-4)GlcNAc(b1-4)GlcNAc(b1-Sp12
214,Man(a1-2)Man(a1-6)[Man(a1-3)]Man(a1-6)[Man(a1-2)Man(a1-2)Man(a1-3)]Man(b1-4)GlcNAc(b1-4)GlcNAc(b1-Sp12
215,Man(a1-2)Man(a1-6)[Man(a1-2)Man(a1-3)]Man(a1-6)[Man(a1-2)Man(a1-2)Man(a1-3)]Man(b1-4)GlcNAc(b1-4)GlcNAc(b1-Sp12
216,Man(a1-6)[Man(a1-3)]Man(a1-Sp9
217,Man(a1-2)Man(a1-2)Man(a1-6)[Man(a1-3)]Man(a1-Sp9
218,Man(a1-6)[Man(a1-3)]Man(a1-6)[Man(a1-2)Man(a1-3)]Man(b1-4)GlcNAc(b1-4)GlcNAc(b1-Sp12
219,Man(a1-6)[Man(a1-3)]Man(a1-6)[Man(a1-3)]Man(b1-4)GlcNAc(b1-4)GlcNAc(b1-Sp12
220,Man(b1-4)GlcNAc(b1-Sp0
221,Neu5Ac(a2-3)Gal(b1-4)GlcNAc(b1-3)Gal(b1-4)[Fuc(a1-3)]GlcNAc(b1-Sp0
222,(3S)Gal(b1-4)[Fuc(a1-3)](6S)GlcNAc(b1-Sp8
223,Fuc(a1-2)(6S)Gal(b1-4)GlcNAc(b1-Sp0
224,Fuc(a1-2)Gal(b1-4)(6S)GlcNAc(b1-Sp8
225,Fuc(a1-2)(6S)Gal(b1-4)(6S)Glc(b1-Sp0
226,Neu5Ac(a2-3)Gal(b1-3)GalNAc(a1-Sp8
227,Neu5Ac(a2-3)Gal(b1-3)GalNAc(a1-Sp14
228,GalNAc(b1-4)[Neu5Ac(a2-8)Neu5Ac(a2-8)Neu5Ac(a2-8)Neu5Ac(a2-3)]Gal(b1-4)Glc(b1-Sp0
229,GalNAc(b1-4)[Neu5Ac(a2-8)Neu5Ac(a2-8)Neu5Ac(a2-3)]Gal(b1-4)Glc(b1-Sp0
230,Neu5Ac(a2-8)Neu5Ac(a2-8)Neu5Ac(a2-3)Gal(b1-4)Glc(b1-Sp0
231,GalNAc(b1-4)[Neu5Ac(a2-8)Neu5Ac(a2-3)]Gal(b1-4)Glc(b1-Sp0
232,Neu5Ac(a2-8)Neu5Ac(a2-8)Neu5Ac(a1-Sp8
233,Neu5Ac(a2-3)(6S)Gal(b1-4)[Fuc(a1-3)]GlcNAc(b1-Sp8
234,GalNAc(b1-4)[Neu5Ac(a2-3)]Gal(b1-4)GlcNAc(b1-Sp0
235,GalNAc(b1-4)[Neu5Ac(a2-3)]Gal(b1-4)GlcNAc(b1-Sp8
236,GalNAc(b1-4)[Neu5Ac(a2-3)]Gal(b1-4)Glc(b1-Sp0
237,Neu5Ac(a2-3)Gal(b1-3)GalNAc(b1-4)[Neu5Ac(a2-3)]Gal(b1-4)Glc(b1-Sp0
238,Neu5Ac(a2-6)[Neu5Ac(a2-3)]GalNAc(a1-Sp8
239,Neu5Ac(a2-3)GalNAc(a1-Sp8
240,Neu5Ac(a2-3)GalNAc(b1-4)GlcNAc(b1-Sp0
241,Neu5Ac(a2-3)Gal(b1-3)(6S)GlcNAc(c1-Sp8
242,Neu5Ac(a2-3)Gal(b1-3)[ Fuc(a1-4)]GlcNAc(b1-Sp8
243,Neu5Ac(a2-3)Gal(b1-3)[Fuc(a1-4)]GlcNAc(b1-3)Gal(b1-4)[Fuc(a1-3)]GlcNAc(b1-Sp0
244,Neu5Ac(a2-3)Gal(b1-4)[Neu5Ac(a2-3)Gal(b1-3)]GlcNAc(b1-Sp8
245,Neu5Ac(a2-3)Gal(b1-3)(6S)GalNAc(a1-Sp8
246,Neu5Ac(a2-6)[Neu5Ac(a2-3)Gal(b1-3)]GalNAc(a1-Sp8
247,Neu5Ac(a2-6)[Neu5Ac(a2-3)Gal(b1-3)]GalNAc(a1-Sp14
248,Neu5Ac(a2-3)Gal(b1-Sp8
249,Neu5Ac(a2-3)Gal(b1-3)GalNAc(b1-3)Gal(a1-4)Gal(b1-4)Glc(b1-Sp0
250,Neu5Ac(a2-3)Gal(b1-3)GlcNAc(b1-3)Gal(b1-4)GlcNAc(b1-Sp0
251,Fuc(a1-2)(6S)Gal(b1-4)Glc(b1-Sp0
252,Neu5Ac(a2-3)Gal(b1-3)GlcNAc(b1-Sp0
253,Neu5Ac(a2-3)Gal(b1-3)GlcNAc(b1-Sp8
254,Neu5Ac(a2-3)Gal(b1-4)(6S)GlcNAc(b1-Sp8
255,Neu5Ac(a2-3)Gal(b1-4)[Fuc(a1-3)](6S)GlcNAc(b1-Sp8
256,Neu5Ac(a2-3)Gal(b1-4)[Fuc(a1-3)]GlcNAc(b1-3)Gal(b1-4)[Fuc(a1-3)]GlcNAc(b1-3)Gal(b1-4)[Fuc(a1-3)]GlcNAc(b1-Sp0
257,Neu5Ac(a2-3)Gal(b1-4)[Fuc(a1-3)]GlcNAc(b1-Sp0
258,Neu5Ac(a2-3)Gal(b1-4)[Fuc(a1-3)]GlcNAc(b1-Sp8
259,Neu5Ac(a2-3)Gal(b1-4)[Fuc(a1-3)]GlcNAc(b1-3)Gal(b1-Sp8
260,Neu5Ac(a2-3)Gal(b1-4)[Fuc(a1-3)]GlcNAc(b1-3)Gal(b1-4)GlcNAc(b1-Sp8
261,Neu5Ac(a2-3)Gal(b1-4)GlcNAc(b1-3)Gal(b1-4)GlcNAc(b1-3)Gal(b1-4)GlcNAc(b1-Sp0
262,Neu5Ac(a2-3)Gal(b1-4)GlcNAc(b1-Sp0
263,Neu5Ac(a2-3)Gal(b1-4)GlcNAc(b1-Sp8
264,Neu5Ac(a2-3)Gal(b1-4)GlcNAc(b1-3)Gal(b1-4)GlcNAc(b1-Sp0
265,Fuc(a1-2)Gal(b1-4)(6S)Glc(b1-Sp0
266,Neu5Ac(a2-3)Gal(b1-4)Glc(b1-Sp0
267,Neu5Ac(a2-3)Gal(b1-4)Glc(b1-Sp8
268,Neu5Ac(a2-6)GalNAc(a1-Sp8
269,Neu5Ac(a2-6)GalNAc(b1-4)GlcNAc(b1-Sp0
270,Neu5Ac(a2-6)Gal(b1-4)(6S)GlcNAc(b1-Sp8
271,Neu5Ac(a2-6)Gal(b1-4)GlcNAc(b1-Sp0
272,Neu5Ac(a2-6)Gal(b1-4)GlcNAc(b1-Sp8
273,Neu5Ac(a2-6)Gal(b1-4)GlcNAc(b1-3)Gal(b1-4)[Fuc(a1-3)]GlcNAc(b1-3)Gal(b1-4)[Fuc(a1-3)]GlcNAc(b1-Sp0
274,Neu5Ac(a2-6)Gal(b1-4)GlcNAc(b1-3)Gal(b1-4)GlcNAc(b1-Sp0
275,Neu5Ac(a2-6)Gal(b1-4)Glc(b1-Sp0
276,Neu5Ac(a2-6)Gal(b1-4)Glc(b1-Sp8
277,Neu5Ac(a2-6)Gal(b1-Sp8
278,Neu5Ac(a2-8)Neu5Ac(a1-Sp8
279,Neu5Ac(a2-8)Neu5Ac(a2-3)Gal(b1-4)Glc(b1-Sp0
280,Gal(b1-3)[Fuc(a1-4)]GlcNAc(b1-3)Gal(b1-3)[Fuc(a1-4)]GlcNAc(b1-Sp0
281,Neu5Ac(b2-6)GalNAc(a1-Sp8
282,Neu5Ac(b2-6)Gal(b1-4)GlcNAc(b1-Sp8
283,Neu5Gc(a2-3)Gal(b1-3)[Fuc(a1-4)]GlcNAc(b1-Sp0
284,Neu5Gc(a2-3)Gal(b1-3)GlcNAc(b1-Sp0
285,Neu5Gc(a2-3)Gal(b1-4)[Fuc(a1-3)]GlcNAc(b1-Sp0
286,Neu5Gc(a2-3)Gal(b1-4)GlcNAc(b1-Sp0
287,Neu5Gc(a2-3)Gal(b1-4)Glc(b1-Sp0
288,Neu5Gc(a2-6)GalNAc(a1-Sp0
289,Neu5Gc(a2-6)Gal(b1-4)GlcNAc(b1-Sp0
290,Neu5Gc(a1-Sp8
291,Neu5Ac(a2-3)Gal(b1-4)GlcNAc(b1-6)[Gal(b1-3)]GalNAc(a1-Sp14
292,Gal(b1-3)GalNAc(a1-Sp14
293,Gal(b1-3)GlcNAc(b1-3)Gal(b1-3)GlcNAc(b1-Sp0
294,Gal(b1-4)[Fuc(a1-3)](6S)GlcNAc(b1-Sp0
295,Gal(b1-4)[Fuc(a1-3)](6S)Glc(b1-Sp0
296,Gal(b1-4)[Fuc(a1-3)]GlcNAc(b1-3)Gal(b1-3)[Fuc(a1-4)]GlcNAc(b1-Sp0
297,Gal(b1-4)GlcNAc(b1-3)Gal(b1-3)GlcNAc(b1-Sp0
298,Neu5Ac(a2-3)Gal(b1-3)GlcNAc(b1-3)Gal(b1-3)GlcNAc(b1-Sp0
299,Neu5Ac(a2-3)Gal(b1-4)GlcNAc(b1-3)Gal(b1-3)GlcNAc(b1-Sp0
300,4S(3S)Gal(b1-4)GlcNAc(b1-Sp0
301,(6S)Gal(b1-4)(6S)GlcNAc(b1-Sp0
302,(6P)Glc(b1-Sp10
303,Neu5Ac(a2-3)Gal(b1-4)[Fuc(a1-3)]GlcNAc(b1-6)[Gal(b1-3)]GalNAc(a1-Sp14
304,Gal(b1-3)[Neu5Ac(a2-3)Gal(b1-4)[Fuc(a1-3)]GlcNAc(b1-6)]GalNAc(a1-Sp14
305,Gal(b1-3)Gal(b1-4)GlcNAc(b1-Sp8
306,Neu5Ac(a2-6)Gal(b1-4)GlcNAc(b1-2)Man(a1-6)[Gal(b1-4)GlcNAc(b1-2)Man(a1-3)]Man(b1-4)GlcNAc(b1-4)GlcNAc(b1-Sp12
307,Gal(b1-4)GlcNAc(b1-6)[Gal(b1-4)GlcNAc(b1-3)]Gal(b1-4)GlcNAc(b1-Sp0
308,GlcNAc(b1-6)[Gal(b1-4)GlcNAc(b1-3)]Gal(b1-4)GlcNAc(b1-Sp0
309,Gal(b1-4)GlcNAc(a1-6)Gal(b1-4)GlcNAc(b1-Sp0
310,Gal(b1-4)GlcNAc(b1-6)Gal(b1-4)GlcNAc(b1-Sp0
311,GalNAc(a1-Sp15
312,GalNAc(b1-3)Gal(b1-Sp8
313,GlcA(b1-3)GlcNAc(b1-Sp8
314,Neu5Ac(a2-6)Gal(b1-4)GlcNAc(b1-2)Man(a1-6)[GlcNAc(b1-2)Man(a1-3)]Man(b1-4)GlcNAc(b1-4)GlcNAc(b1-Sp12
315,GlcNAc(b1-2)Man(a1-3)[GlcNAc(b1-2)Man(a1-6)]Man(b1-4)GlcNAc(b1-4)GlcNAc(b1-Sp12
316,GlcNAc(b1-3)Man(b1-Sp10
317,GlcNAc(b1-4)GlcNAc(b1-Sp10
318,GlcNAc(b1-4)GlcNAc(b1-Sp12
319,MurNAc(b1-4)GlcNAc(b1-Sp10
320,Man(a1-6)Man(b1-Sp10
321,Man(a1-6)[Man(a1-3)]Man(a1-6)[Man(a1-3)]Man(b1-Sp10
322,Man(a1-2)Man(a1-6)[Man(a1-3)]Man(a1-6)[Man(a1-2)Man(a1-2)Man(a1-3)]Man(a1-Sp9
323,Man(a1-2)Man(a1-6)[Man(a1-2)Man(a1-3)]Man(a1-6)[Man(a1-2)Man(a1-2)Man(a1-3)]Man(a1-Sp9
324,Neu5Ac(a2-3)Gal(b1-4)GlcNAc(b1-6)[Neu5Ac(a2-3)Gal(b1-3)]GalNAc(a1-Sp14
325,Neu5Ac(a2-6)Gal(b1-4)GlcNAc(b1-2)Man(a1-6)[Neu5Ac(a2-3)Gal(b1-4)GlcNAc(b1-2)Man(a1-3)]Man(b1-4)GlcNAc(b1-4)GlcNAc(b1-Sp12
326,Neu5Ac(a2-3)Gal(b1-3)GalNAc(a1-Sp14
327,Neu5Ac(a2-3)Gal(b1-4)GlcNAc(b1-2)Man(a1-3)[Neu5Ac(a2-6)Gal(b1-4)GlcNAc(b1-2)Man(a1-6)]Man(b1-4)GlcNAc(b1-4)GlcNAc(b1-Sp12
328,Gal(b1-4)GlcNAc(b1-2)Man(a1-6)[Neu5Ac(a2-6)Gal(b1-4)GlcNAc(b1-2)Man(a1-3)]Man(b1-4)GlcNAc(b1-4)GlcNAc(b1-Sp12
329,GlcNAc(b1-2)Man(a1-6)[Neu5Ac(a2-6)Gal(b1-4)GlcNAc(b1-2)Man(a1-3)]Man(b1-4)GlcNAc(b1-4)GlcNAc(b1-Sp12
330,Neu5Ac(a2-8)Neu5Ac(b1-Sp17
331,Neu5Ac(a2-8)Neu5Ac(a2-8)Neu5Ac(b1-Sp8
332,Neu5Gc(b2-6)Gal(b1-4)GlcNAc(b1-Sp8
333,Gal(b1-3)GlcNAc(b1-2)Man(a1-6)[Gal(b1-3)GlcNAc(b1-2)Man(a1-3)]Man(b1-4)GlcNAc(b1-4)GlcNAc(b1-Sp19
334,Neu5Ac(a2-3)Gal(b1-4)GlcNAc(b1-2)Man(a1-6)[Neu5Ac(a2-3)Gal(b1-4)GlcNAc(b1-2)Man(a1-3)]Man(b1-4)GlcNAc(b1-4)GlcNAc(b1-Sp12
335,Neu5Ac(a2-3)Gal(b1-4)GlcNAc(b1-2)Man(a1-6)[Neu5Ac(a2-6)Gal(b1-4)GlcNAc(b1-2)Man(a1-3)]Man(b1-4)GlcNAc(b1-4)GlcNAc(b1-Sp12
336,Gal(b1-4)[Fuc(a1-3)]GlcNAc(b1-2)Man(a1-6)[Gal(b1-4)[Fuc(a1-3)]GlcNAc(b1-2)Man(a1-3)]Man(b1-4)GlcNAc(b1-4)GlcNAc(b1-Sp20
337,"Neu5,9Ac2(a2-3)Gal(b1-4)GlcNAc(b1-Sp0"
338,"Neu5,9Ac2(a2-3)Gal(b1-4)GlcNAc(b1-Sp0"
339,Neu5Ac(a2-6)Gal(b1-4)GlcNAc(b1-3)Gal(b1-3)GlcNAc(b1-Sp0
340,Neu5Ac(a2-3)Gal(b1-3)[Fuc(a1-4)]GlcNAc(b1-3)Gal(b1-3)[Fuc(a1-4)]GlcNAc(b1-Sp0
341,Neu5Ac(a2-6)Gal(b1-4)GlcNAc(b1-3)Gal(b1-4)GlcNAc(b1-3)Gal(b1-4)GlcNAc(b1-Sp0
342,Gal(a1-4)Gal(b1-4)GlcNAc(b1-3)Gal(b1-4)Glc(b1-Sp0
343,GalNAc(b1-3)Gal(a1-4)Gal(b1-4)GlcNAc(b1-3)Gal(b1-4)Glc(b1-Sp0
344,GalNAc(a1-3)[Fuc(a1-2)]Gal(b1-4)GlcNAc(b1-3)Gal(b1-4)GlcNAc(b1-Sp0
345,GalNAc(a1-3)[Fuc(a1-2)]Gal(b1-4)GlcNAc(b1-3)Gal(b1-4)GlcNAc(b1-3)Gal(b1-4)GlcNAc(b1-Sp0
346,Neu5Ac(a2-3)Gal(b1-4)[Fuc(a1-3)]GlcNAc(b1-6)[Neu5Ac(a2-3)Gal(b1-3)]GalNAc(b1-Sp14
347,GlcNAc(a1-4)Gal(b1-4)GlcNAc(b1-3)Gal(b1-4)GlcNAc(b1-3)Gal(b1-4)GlcNAc(b1-Sp0
348,GlcNAc(a1-4)Gal(b1-4)GlcNAc(b1-Sp0
349,GlcNAc(a1-4)Gal(b1-3)GlcNAc(b1-Sp0
350,GlcNAc(a1-4)Gal(b1-4)GlcNAc(b1-3)Gal(b1-4)Glc(b1-Sp0
351,GlcNAc(a1-4)Gal(b1-4)GlcNAc(b1-3)Gal(b1-4)[Fuc(a1-3)]GlcNAc(b1-3)Gal(b1-4)[Fuc(a1-3)]GlcNAc(b1-Sp0
352,GlcNAc(a1-4)Gal(b1-4)GlcNAc(b1-3)Gal(b1-4)GlcNAc(b1-Sp0
353,GlcNAc(a1-4)Gal(b1-3)GalNAc(b1-Sp14
354,Neu5Ac(a2-6)Gal(b1-4)GlcNAc(b1-2)Man(a1-6)[Man(a1-3)]Man(b1-4)GlcNAc(b1-4)GlcNAc(b1-Sp12
355,Man(a1-6)[Neu5Ac(a2-6)Gal(b1-4)GlcNAc(b1-2)Man(a1-3)]Man(b1-4)GlcNAc(b1-4)GlcNAc(b1-Sp12
356,Neu5Ac(a2-6)Gal(b1-4)GlcNAc(b1-2)Man(a1-6)Man(b1-4)GlcNAc(b1-4)GlcNAc(b1-Sp12
357,Neu5Ac(a2-6)Gal(b1-4)GlcNAc(b1-2)Man(a1-3)Man(b1-4)GlcNAc(b1-4)GlcNAc(b1-Sp12
358,Gal(b1-4)GlcNAc(b1-2)Man(a1-3)Man(b1-4)GlcNAc(b1-4)GlcNAc(b1-Sp12
359,Gal(b1-4)GlcNAc(b1-2)Man(a1-6)Man(b1-4)GlcNAc(b1-4)GlcNAc(b1-Sp12
360,Man(a1-6)[Gal(b1-4)GlcNAc(b1-2)Man(a1-3)]Man(b1-4)GlcNAc(b1-4)GlcNAc(b1-Sp12
361,GlcNAc(b1-2)Man(a1-6)[GlcNAc(b1-2)Man(a1-3)]Man(b1-4)GlcNAc(b1-4)[Fuc(a1-6)]GlcNAc(b1-Sp22
362,Gal(b1-4)GlcNAc(b1-2)Man(a1-6)[Gal(b1-4)GlcNAc(b1-2)Man(a1-3)]Man(b1-4)GlcNAc(b1-4)[Fuc(a1-6)]GlcNAc(b1-Sp22
363,Gal(b1-3)GlcNAc(b1-2)Man(a1-6)[Gal(b1-3)GlcNAc(b1-2)Man(a1-3)]Man(b1-4)GlcNAc(b1-4)[Fuc(a1-6)]GlcNAc(b1-Sp22
364,Gal(b1-3)[Fuc(a1-4)]GlcNAc(b1-2)Man(a1-3)[Gal(b1-3)[Fuc(a1-4)]GlcNAc(b1-2)Man(a1-6)]Man(b1-4)GlcNAc(b1-4)GlcNAc(b1-Sp19
365,(6S)GlcNAc(b1-3)Gal(b1-4)GlcNAc(b1-Sp0
366,KDN(a2-3)Gal(b1-4)[Fuc(a1-3)]GlcNAc(b1-Sp0
367,KDN(a2-6)Gal(b1-4)GlcNAc(b1-Sp0
368,KDN(a2-3)Gal(b1-4)Glc(b1-Sp0
369,KDN(a2-3)Gal(b1-3)GalNAc(a1-Sp14
370,Fuc(a1-2)Gal(b1-3)GlcNAc(b1-2)Man(a1-6)[Fuc(a1-2)Gal(b1-3)GlcNAc(b1-2)Man(a1-3)]Man(b1-4)GlcNAc(b1-4)GlcNAc(b1-Sp20
371,Fuc(a1-2)Gal(b1-4)GlcNAc(b1-2)Man(a1-6)[Fuc(a1-2)Gal(b1-4)GlcNAc(b1-2)Man(a1-3)]Man(b1-4)GlcNAc(b1-4)GlcNAc(b1-Sp20
372,Fuc(a1-2)Gal(b1-4)[Fuc(a1-3)]GlcNAc(b1-2)Man(a1-6)[Fuc(a1-2)Gal(b1-4)[Fuc(a1-3)]GlcNAc(b1-2)Man(a1-3)]Man(b1-4)GlcNAc(b1-4)GlcNAc(b1-Sp20
373,Gal(a1-3)Gal(b1-4)GlcNAc(b1-2)Man(a1-6)[Gal(a1-3)Gal(b1-4)GlcNAc(b1-2)Man(a1-3)]Man(b1-4)GlcNAc(b1-4)GlcNAc(b1-Sp20
374,Gal(b1-4)GlcNAc(b1-2)Man(a1-6)[Man(a1-3)]Man(b1-4)GlcNAc(b1-4)GlcNAc(b1-Sp12
375,Fuc(a1-4)[Gal(b1-3)]GlcNAc(b1-2)Man(a1-6)[Fuc(a1-4)[Gal(b1-3)]GlcNAc(b1-2)Man(a1-3)]Man(b1-4)GlcNAc(b1-4)[Fuc(a1-6)]GlcNAc(b1-Sp22
376,Neu5Ac(a2-6)GlcNAc(b1-4)GlcNAc(b1-Sp21
377,Neu5Ac(a2-6)GlcNAc(b1-4)GlcNAc(b1-4)GlcNAc(b1-Sp21
378,Gal(b1-4)[Fuc(a1-3)]GlcNAc(b1-6)[Fuc(a1-2)Gal(b1-4)GlcNAc(b1-3)]Gal(b1-4)Glc(b1-Sp21
379,Gal(b1-4)GlcNAc(b1-2)Man(a1-6)[Gal(b1-4)GlcNAc(b1-4)[Gal(b1-4)GlcNAc(b1-2)]Man(a1-3)]Man(b1-4)GlcNAc(b1-4)GlcNAc(b1-Sp21
380,GalNAc(a1-3)[Fuc(a1-2)]Gal(b1-4)GlcNAc(b1-2)Man(a1-6)[GalNAc(a1-3)[Fuc(a1-2)]Gal(b1-4)GlcNAc(b1-2)Man(a1-3)]Man(b1-4)GlcNAc(b1-4)GlcNAc(b1-Sp20
381,Gal(a1-3)[Fuc(a1-2)]Gal(b1-4)GlcNAc(b1-2)Man(a1-6)[Gal(a1-3)[Fuc(a1-2)]Gal(b1-4)GlcNAc(b1-2)Man(a1-3)]Man(b1-4)GlcNAc(b1-4)GlcNAc(b1-Sp20
382,Gal(a1-3)Gal(b1-4)[Fuc(a1-3)]GlcNAc(b1-2)Man(a1-6)[Gal(a1-3)Gal(b1-4)[Fuc(a1-3)]GlcNAc(b1-2)Man(a1-3)]Man(b1-4)GlcNAc(b1-4)GlcNAc(b1-Sp20
383,GalNAc(a1-3)[Fuc(a1-2)]Gal(b1-3)GlcNAc(b1-2)Man(a1-6)[GalNAc(a1-3)[Fuc(a1-2)]Gal(b1-3)GlcNAc(b1-2)Man(a1-3)]Man(b1-4)GlcNAc(b1-4)GlcNAc(b1-Sp20
384,Gal(a1-3)[Fuc(a1-2)]Gal(b1-3)GlcNAc(b1-2)Man(a1-6)[Gal(a1-3)[Fuc(a1-2)]Gal(b1-3)GlcNAc(b1-2)Man(a1-3)]Man(b1-4)GlcNAc(b1-4)GlcNAc(b1-Sp20
385,Fuc(a1-4)[Fuc(a1-2)Gal(b1-3)]GlcNAc(b1-2)Man(a1-3)[Fuc(a1-4)[Fuc(a1-2)Gal(b1-3)]GlcNAc(b1-2)Man(a1-3)]Man(b1-4)GlcNAc(b1-4)GlcNAc(b1-Sp19
386,Neu5Ac(a2-3)Gal(b1-4)GlcNAc(b1-3)GalNAc(b1-Sp14
387,Neu5Ac(a2-6)Gal(b1-4)GlcNAc(b1-3)GalNAc(b1-Sp14
388,Neu5Ac(a2-3)Gal(b1-4)[Fuc(a1-3)]GlcNAc(b1-3)GalNAc(a1-Sp14
389,GalNAc(b1-4)GlcNAc(b1-2)Man(a1-6)[GalNAc(b1-4)GlcNAc(b1-2)Man(a1-3)]Man(b1-4)GlcNAc(b1-4)GlcNAc(b1-Sp12
390,Gal(b1-3)GalNAc(a1-3)[Fuc(a1-2)]Gal(b1-4)Glc(b1-Sp0
391,Gal(b1-3)GalNAc(a1-3)[Fuc(a1-2)]Gal(b1-4)GlcNAc(b1-Sp0
392,Gal(b1-3)GlcNac(b1-3)Gal(b1-4)GlcNac(b1-6)[Gal(b1-3)GlcNac(b1-3)]Gal(b1-4)Glc(b1-Sp0
393,Gal(b1-4)[Fuc(a1-3)]GlcNAc(b1-6)[Gal(b1-3)GlcNAc(b1-3)]Gal(b1-4)Glc(b1-Sp21 
394,Gal(b1-4)GlcNAc(b1-6)[Fuc(a1-4)[Fuc(a1-2)Gal(b1-3)]GlcNAc(b1-3)]Gal(b1-4)Glc(b1-Sp21
395,Gal(b1-4)[Fuc(a1-3)]GlcNAc(b1-6)[Fuc(a1-4)[Fuc(a1-2)Gal(b1-3)]GlcNAc(b1-3)]Gal(b1-4)Glc(b1-Sp21
396,Gal(b1-3)GlcNAc(b1-3)Gal(b1-4)[Fuc(a1-3)]GlcNAc(b1-6)[Gal(b1-3)GlcNAc(b1-3)]Gal(b1-4)Glc(b1-Sp21 
397,Gal(b1-4)GlcNac(b1-6)[Gal(b1-4)GlcNac(b1-2)]Man(a1-6)[Gal(b1-4)GlcNac(b1-4)[Gal(b1-4)GlcNac(b1-2)]Man(a1-3)]Man(b1-4)GlcNac(b1-4)GlcNac(b1-Sp21
398,GlcNac(b1-2)Man(a1-6)[GlcNac(b1-4)[GlcNac(b1-2)]Man(a1-3)]Man(b1-4)GlcNac(b1-4)GlcNa(c1-Sp21
399,Fuc(a1-2)Gal(b1-3)GalNAc(a1-3)[Fuc(a1-2)]Gal(b1-4)Glc(b1-Sp0
400,Fuc(a1-2)Gal(b1-3)GalNAc(a1-3)[Fuc(a1-2)]Gal(b1-4)GlcNAc(b1-Sp0
401,Gal(b1-3)GlcNAc(b1-3)GalNAc(a1-Sp14
402,GalNAc(b1-4)[Neu5Ac(a2-3)]Gal(b1-4)GlcNAc(b1-3)GalNAc(a1-Sp14
403,GalNAc(a1-3)[Fuc(a1-2)]Gal(b1-3)GalNAc(a1-3)[Fuc(a1-2)]Gal(b1-4)GlcNAc(b1-Sp0
404,Gal(a1-3)Gal(b1-3)GlcNAc(b1-2)Man(a1-6)[Gal(a1-3)Gal(b1-3)GlcNAc(b1-2)Man(a1-3)]Man(b1-4)GlcNAc(b1-4)GlcNAc(b1-Sp19
405,Gal(a1-3)Gal(b1-3)[Fuc(a1-4)]GlcNAc(b1-2)Man(a1-6)[Gal(a1-3)Gal(b1-3)[Fuc(a1-4)]GlcNAc(b1-2)Man(a1-3)]Man(b1-4)GlcNAc(b1-4)GlcNAc(b1-Sp19
406,Neu5Ac(a2-3)Gal(b1-3)GlcNAc(b1-2)Man(a1-6)[Neu5Ac(a2-3)Gal(b1-3)GlcNAc(b1-2)Man(a1-3)]Man(b1-4)GlcNAc(b1-4)GlcNAc(b1-Sp19
407,GlcNAc(b1-2)Man(a1-6)[Gal(b1-4)GlcNAc(b1-2)Man(a1-3)]Man(b1-4)GlcNAc(b1-4)GlcNAc(b1-Sp12
408,Gal(b1-4)GlcNAc(b1-2)Man(a1-6)[GlcNAc(b1-2)Man(a1-3)]Man(b1-4)GlcNAc(b1-4)GlcNAc(b1-Sp12
409,Neu5Ac(a2-3)Gal(b1-3)GlcNAc(b1-3)GalNAc(a1-Sp14
410,Fuc(a1-2)Gal(b1-4)GlcNac(b1-3)GalNac(a1-Sp14
411,Gal(b1-4)[Fuc(a1-3)]GlcNac(b1-3)GalNac(a1-Sp14
412,GalNac(a1-3)GalNac(b1-3)Gal(a1-4)Gal(b1-4)GlcNac(b1-Sp0
413,Gal(a1-4)Gal(b1-3)GlcNac(b1-2)Man(a1-6)[Gal(a1-4)Gal(b1-3)GlcNac(b1-2)Man(a1-3)]Man(b1-4)GlcNac(b1-4)GlcNac(b1-Sp19
414,Gal(a1-4)Gal(b1-4)GlcNac(b1-2)Man(a1-6)[Gal(a1-4)Gal(b1-4)GlcNac(b1-2)Man(a1-3)]Man(b1-4)GlcNac(b1-4)GlcNac(b1-Sp24
415,Gal(a1-3)Gal(b1-4)GlcNac(b1-3)GalNac(a1-Sp14
416,Gal(b1-3)GlcNAc(b1-6)Gal(b1-4)GlcNAc(b1-Sp0
417,Gal(b1-3)GlcNAc(a1-6)Gal(b1-4)GlcNAc(b1-Sp0
418,GalNAc(b1-3)Gal(a1-6)Gal(b1-4)Glc(b1-Sp8
419,GlcNAc(b1-6)[GlcNAc(b1-3)]GalNAc(a1-Sp14
420,Gal(a1-3)[Fuc(a1-2)]Gal(b1-4)[Fuc(a1-3)]Glc(b1-Sp21
421,Gal(b1-4)GlcNAc(b1-6)[Neu5Ac(a2-6)Gal(b1-3)GlcNAc(b1-3)]Gal(b1-4)Glc(b1-Sp21
422,Gal(b1-3)GalNAc(b1-4)[Neu5Ac(a2-8)Neu5Ac(a2-3)]Gal(b1-4)Glc(b1-Sp0
423,Neu5Ac(a2-3)Gal(b1-3)GalNAc(b1-4)[Neu5Ac(a2-8)Neu5Ac(a2-3)]Gal(b1-4)Glc(b1-Sp0
424,Gal(a1-3)[Fuc(a1-2)]Gal(b1-4)GlcNAc(b1-3)GalNAc(a1-Sp14
425,GalNAc(a1-3)[Fuc(a1-2)]Gal(b1-4)GlcNAc(b1-3)GalNAc(a1-Sp14
426,GalNAc(a1-3)GalNAc(b1-3)Gal(a1-4)Gal(b1-4)Glc(b1-Sp0
427,Fuc(a1-2)Gal(b1-4)[Fuc(a1-3)]GlcNAc(b1-3)GalNAc(a1-Sp14
428,Gal(a1-3)[Fuc(a1-2)]Gal(b1-4)[Fuc(a1-3)]GlcNAc(b1-3)GalNAc(b1-Sp14
429,GalNAc(a1-3)[Fuc(a1-2)]Gal(b1-4)[Fuc(a1-3)]GlcNAc(b1-3)GalNAc(b1-Sp14
430,Gal(b1-4)[Fuc(a1-3)]GlcNAc(b1-2)Man(a1-6)[Gal(b1-4)[Fuc(a1-3)]GlcNAc(b1-2)Man(a1-3)]Man(b1-4)GlcNAc(b1-4)[Fuc(a1-6)]GlcNAc(b1-Sp22
431,Fuc(a1-2)Gal(b1-4)GlcNAc(b1-2)Man(a1-6)[Fuc(a1-2)Gal(b1-4)GlcNAc(b1-2)Man(a1-3)]Man(b1-4)GlcNAc(b1-4)[Fuc(a1-6)]GlcNAc(b1-Sp22
432,GlcNAc(b1-2)[GlcNAc(b1-6)]Man(a1-6)[GlcNAc(b1-2)Man(a1-3)]Man(b1-4)GlcNAc(b1-4)GlcNAc(b1-Sp19
433,Fuc(a1-2)Gal(b1-3)GlcNAc(b1-3)GalNAc(b1-Sp14
434,Gal(a1-3)[Fuc(a1-2)]Gal(b1-3)GlcNAc(b1-3)GalNAc(b1-Sp14
435,GalNAc(a1-3)[Fuc(a1-2)]Gal(b1-3)GlcNAc(b1-3)GalNAc(b1-Sp14
436,Gal(a1-3)Gal(b1-3)GlcNAc(b1-3)GalNAc(b1-Sp14
437,Fuc(a1-2)Gal(b1-3)GlcNAc(b1-2)Man(a1-6)[Fuc(a1-2)Gal(b1-3)GlcNAc(b1-2)Man(a1-3)]Man(b1-4)GlcNAc(b1-4)[Fuc(a1-6)]GlcNAc(b1-Sp22
438,Gal(a1-3)[Fuc(a1-2)]Gal(b1-4)GlcNAc(b1-2)Man(a1-6)[Gal(a1-3)[Fuc(a1-2)]Gal(b1-4)GlcNAc(b1-2)Man(a1-3)]Man(b1-4)GlcNAc(b1-4)[Fuc(a1-6)]GlcNAc(b1-Sp22
439,Gal(b1-3)GlcNAc(b1-6)[Gal(b1-3)GlcNAc(b1-2)]Man(a1-6)[Gal(b1-3)GlcNAc(b1-2)Man(a1-3)]Man(b1-4)GlcNAc(b1-4)GlcNAc(b1-Sp19
440,Gal(b1-4)GlcNAc(b1-6)[Fuc(a1-2)Gal(b1-3)GlcNAc(b1-3)]Gal(b1-4)Glc(b1-Sp21
441,Fuc(a1-3)GlcNAc(b1-6)[Gal(b1-4)GlcNAc(b1-3)]Gal(b1-4)Glc(b1-Sp21
442,GlcNAc(b1-2)Man(a1-6)[GlcNAc(b1-4)][GlcNAc(b1-2)Man(a1-3)]Man(b1-4)GlcNac(b1-4)GlcNA(c1-Sp21
443,GlcNAc(b1-2)Man(a1-6)[GlcNAc(b1-4)][GlcNAc(b1-4)[GlcNAc(b1-2)]Man(a1-3)]Man(b1-4)GlcNAc(b1-4)GlcNAc(b1-Sp21
444,GlcNAc(b1-6)[GlcNAc(b1-2)]Man(a1-6)[GlcNAc(b1-4)][GlcNAc(b1-2)Man(a1-3)]Man(b1-4)GlcNAc(b1-4)GlcNAc(b1-Sp21
445,GlcNAc(b1-6)[GlcNAc(b1-2)]Man(a1-6)[GlcNAc(b1-4)][GlcNAc(b1-4)[GlcNAc(b1-2)]Man(a1-3)]Man(b1-4)GlcNAc(b1-4)GlcNAc(b1-Sp21
446,Gal(b1-4)GlcNAc(b1-2)Man(a1-6)[GlcNAc(b1-4)][Gal(b1-4)GlcNAc(b1-2)Man(a1-3)]Man(b1-4)GlcNAc(b1-4)GlcNAc(b1-Sp21
447,Gal(b1-4)GlcNAc(b1-2)Man(a1-6)[GlcNAc(b1-4)][Gal(b1-4)GlcNAc(b1-4)[Gal(b1-4)GlcNAc(b1-2)]Man(a1-3)]Man(b1-4)GlcNAc(b1-4)GlcNAc(b1-Sp21
448,Gal(b1-4)GlcNAc(b1-6)[Gal(b1-4)GlcNAc(b1-2)]Man(a1-6)[GlcNAc(b1-4)][Gal(b1-4)GlcNAc(b1-2)Man(a1-3)]Man(b1-4)GlcNAc(b1-4)GlcNAc(b1-Sp21
449,Gal(b1-4)GlcNAc(b1-6)[Gal(b1-4)GlcNAc(b1-2)]Man(a1-6)[GlcNAc(b1-4)][Gal(b1-4)GlcNAc(b1-4)[Gal(b1-4)GlcNAc(b1-2)]Man(a1-3)]Man(b1-4)GlcNAc(b1-4)GlcNAc(b1-Sp21
450,Gal(a1-3)Gal(b1-4)Glc(b1-Sp10
451,Gal(b1-4)Gal(b1-Sp10
452,Gal(b1-6)Gal(b1-Sp10
453,Neu5Ac(a2-3)Gal(b1-4)GlcNAc(b1-3)Gal(b1-Sp8
454,GalNAc(b1-6)GalNAc(b1-Sp8
455,(6S)Gal(b1-3)GlcNAc(b1-Sp0
456,(6S)Gal(b1-3)(6S)GlcNAc(1-Sp0
457,Fuc(a1-2)Gal(b1-4) GlcNAc(b1-2)Man(a1-6)[Fuc(a1-2)Gal(b1-4)GlcNAc(b1-2)[Fuc(a1-2)Gal(b1-4)GlcNAc(b1-4)]Man(a1-3)]Man(b1-4)GlcNAc(b1-4)GlcNAc(b1-N
458,Fuc(a1-2)Gal(b1-4)[Fuc(a1-3)]GlcNAc(b1-2)Man(a1-6)[Fuc(a1-2)Gal(b1-4)[Fuc(a1-3)]GlcNAc(b1-4)[Fuc(a1-2)Gal(b1-4)[Fuc(a1-3)]GlcNAc(b1-2)]Man(a1-3)]Man(b1-4)GlcNAc(b1-4)GlcNAc(b1-N
459,Gal(b1-4)[Fuc(a1-3)]GlcNAc(b1-6)GalNAc(b1-Sp14
460,Gal(b1-4)GlcNAc(b1-6)GalNAc(b1-Sp14
461,Gal(b1-4)[Fuc(a1-3)]GlcNAc(b1-6)GalNAc(b1-Sp14
462,Gal(b1-4)GlcNAc(b1-2)Man(a1-Sp0
463,Fuc(a1-2)Gal(b1-4)GlcNAc(b1-6)[Fuc(a1-2)Gal(b1-4)GlcNAc(b1-3)]GalNAc(b1-Sp14
464,Gal(a1-3)Fuc(a1-2)Gal(b1-4)GlcNAc(b1-6)[Gal(a1-3)Fuc(a1-2)Gal(b1-4)GlcNAc(b1-3)]GalNA(c1-Sp14
465,GalNAc(a1-3)[Fuc(a1-2)]Gal(b1-4)GlcNAc(b1-6)[GalNAc(a1-3)[Fuc(a1-2)]Gal(b1-4)GlcNAc(b1-3)]GalNAc(b1-Sp14
466,Neu5Ac(a2-8)Neu5Ac(a2-3)Gal(b1-3)GalNAc(b1-4)[Neu5Ac(a2-8)Neu5Ac(a2-3)]Gal(b1-4)Glc(b1-Sp0
467,GalNAc(b1-4)Gal(b1-4)Glc(b1-Sp0
468,GalNAc(a1-3)[Fuc(a1-2)]Gal(b1-4)GlcNAc(b1-2)Man(a1-6)[GalNAc(a1-3)[Fuc(a1-2)]Gal(b1-4)GlcNAc(b1-2)Man(a1-3)]Man(b1-4)GlcNAc(b1-4)[Fuc(a1-6)]GlcNAc(b1-Sp22
469,Gal(a1-3)[Fuc(a1-2)]Gal(b1-3)GlcNAc(b1-2)Man(a1-6)[Gal(a1-3)[Fuc(a1-2)]Gal(b1-3)GlcNAc(b1-2)Man(a1-3)]Man(b1-4)GlcNAc(b1-4)[Fuc(a1-6)]GlcNAc(b1-Sp22
470,Neu5Ac(a2-6)Gal(b1-4)GlcNAc(b1-6)[Fuc(a1-2)Gal(b1-3)GlcNAc(b1-3)]Gal(b1-4)Glc(b1-Sp21
471,GalNAc(a1-3)[Fuc(a1-2)]Gal(b1-3)GlcNAc(b1-2)Man(a1-6)[GalNAc(a1-3)[Fuc(a1-2)]Gal(b1-3)GlcNAc(b1-2)Man(a1-3)]Man(b1-4)GlcNAc(b1-4)[Fuc(a1-6)]GlcNAc(b1-Sp22
472,Gal(b1-4)GlcNAc(b1-6)[Gal(b1-4)GlcNAc(b1-2)]Man(a1-6)[Gal(b1-4)GlcNAc(b1-2)Man(a1-3)]Man(b1-4)GlcNAc(b1-4)GlcNAc(b1-Sp19
473,Neu5Ac(a2-3)Gal(b1-4)GlcNAc(b1-2)Man(a1-6)[GlcNAc(b1-4)][Neu5Ac(a2-3)Gal(b1-4)GlcNAc(b1-2)Man(a1-3)]Man(b1-4)GlcNAc(b1-4)GlcNAc(b1-Sp21
474,Neu5Ac(a2-3)Gal(b1-4)GlcNAc(b1-4)Man(a1-6)[GlcNAc(b1-4)][Neu5Ac(a2-3)Gal(b1-4)GlcNAc(b1-4)[Neu5Ac(a2-3)Gal(b1-4)GlcNAc(b1-2)]Man(a1-3)]Man(b1-4)GlcNAc(b1-4)GlcNAc(b1-Sp21
475,Neu5Ac(a2-3)Gal(b1-4)GlcNAc(b1-6)[Neu5Ac(a2-3)Gal(b1-4)GlcNAc(b1-2)]Man(a1-6)[GlcNAc(b1-4)][Neu5Ac(a2-3)Gal(b1-4)GlcNAc(b1-2)Man(a1-3)]Man(b1-4)GlcNAc(b1-4)GlcNAc(b1-Sp21
476,Neu5Ac(a2-3)Gal(b1-4)GlcNAc(b1-6)[Neu5Ac(a2-3)Gal(b1-4)GlcNAc(b1-2)]Man(a1-6)[GlcNAc(b1-4)][Neu5Ac(a2-3)Gal(b1-4)GlcNAc(b1-4)[Neu5Ac(a2-3)Gal(b1-4)GlcNAc(b1-2)]Man(a1-3)]Man(b1-4)GlcNAc(b1-4)GlcNAc(b1-Sp21
477,Neu5Ac(a2-6)Gal(b1-4)GlcNAc(b1-2)Man(a1-6)[GlcNAc(b1-4)][Neu5Ac(a2-6)Gal(b1-4)GlcNAc(b1-2)Man(a1-3)]Man(b1-4)GlcNAc(b1-4)GlcNAc(b1-Sp21
478,Neu5Ac(a2-6)Gal(b1-4)GlcNAc(b1-4)Man(a1-6)[GlcNAc(b1-4)][Neu5Ac(a2-6)Gal(b1-4)GlcNAc(b1-4)[Neu5Ac(a2-6)Gal(b1-4)GlcNAc(b1-2)]Man(a1-3)]Man(b1-4)GlcNAc(b1-4)GlcNAc(b1-Sp21
479,Neu5Ac(a2-6)Gal(b1-4)GlcNAc(b1-6)[Neu5Ac(a2-6)Gal(b1-4)GlcNAc(b1-2)]Man(a1-6)[GlcNAc(b1-4)][Neu5Ac(a2-6)Gal(b1-4)GlcNAc(b1-2)Man(a1-3)]Man(b1-4)GlcNAc(b1-4)GlcNAc(b1-Sp21
480,Neu5Ac(a2-6)Gal(b1-4)GlcNAc(b1-6)[Neu5Ac(a2-6)Gal(b1-4)GlcNAc(b1-2)]Man(a1-6)[GlcNAc(b1-4)][Neu5Ac(a2-6)Gal(b1-4)GlcNAc(b1-4)[Neu5Ac(a2-6)Gal(b1-4)GlcNAc(b1-2)]Man(a1-3)]Man(b1-4)GlcNAc(b1-4)GlcNAc(b1-Sp21
481,Gal(a1-3)[Fuc(a1-2)]Gal(b1-3)GalNAc(a1-Sp8
482,Gal(a1-3)[Fuc(a1-2)]Gal(b1-3)GalNAc(b1-Sp8
483,Glc(a1-6)Glc(a1-6)Glc(a1-6)Glc(b1-Sp10
484,Glc(a1-4)Glc(a1-4)Glc(a1-4)Glc(b1-Sp10
485,Neu5Ac(a2-3)Gal(b1-4)GlcNAc(b1-6)[Neu5Ac(a2-3)Gal(b1-4)GlcNAc(b1-3)]GalNAc(a1-Sp14
486,Fuc(a1-2)Gal(b1-4)[Fuc(a1-3)]GlcNAc(b1-2)Man(a1-6)[Fuc(a1-2)Gal(b1-4)[Fuc(a1-3)]GlcNAc(b1-2)Man(a1-3)]Man(b1-4)GlcNAc(b1-4)[Fuc(a1-6)]GlcNAc(b1-Sp24
487,Fuc(a1-2)Gal(b1-3)[Fuc(a1-4)]GlcNAc(b1-2)Man(a1-6)[Fuc(a1-2)Gal(b1-3)[Fuc(a1-4)]GlcNAc(b1-2)Man(a1-3)]Man(b1-4)GlcNAc(b1-4)[Fuc(a1-6)]GlcNA(cb-S)p(11-4)[Fuc(a1-6)]GlcNAc(b1-Sp19
488,Neu5Ac(a2-3)Gal(b1-3)GlcNAc(b1-6)[Neu5Ac(a2-3)Gal(b1-4)GlcNAc(b1-2)]Man(a1-6)[Neu5Ac(a2-3)Gal(b1-3)GlcNAc(b1-2)Man(a1-3)]Man(b1-4)GlcNAc(b1-4)GlcNAc(b1-Sp19
489,GlcNAc(b1-6)[GlcNAc(b1-2)]Man(a1-6)[GlcNAc(b1-2)Man(a1-3)]Man(b1-4)GlcNAc(b1-4)[Fuc(a1-6)]GlcNAc(b1-Sp24
490,Gal(b1-3)GlcNAc(b1-2)Man(a1-6)[GlcNAc(b1-4)][Gal(b1-3)GlcNAc(b1-2)Man(a1-3)]Man(b1-4)GlcNAc(b1-4)GlcNAc(b1-Sp21
491,Neu5Ac(a2-6)Gal(b1-4)GlcNAc(b1-6)[Gal(b1-3)GlcNAc(b1-3)]Gal(b1-4)Glc(b1-Sp21
492,Neu5Ac(a2-3)Gal(b1-4)GlcNAc(b1-2)Man(a1-Sp0
493,Neu5Ac(a2-3)Gal(b1-4)GlcNAc(b1-6)GalNAc(a1-Sp14
494,Neu5Ac(a2-6)Gal(b1-4)GlcNAc(b1-6)GalNAc(a1-Sp14
495,Neu5Ac(a2-6)Gal(b1-4) GlcNAc(b1-6)[Neu5Ac(a2-6)Gal(b1-4)GlcNAc(b1-3)]GalNAc(a1-Sp14
496,Neu5Ac(a2-6)Gal(b1-4)GlcNAc(b1-2)Man(a1-6)[Neu5Ac(a2-6)Gal(b1-4)GlcNAc(b1-2)Man(a1-3)]Man(b1-4)GlcNAc(b1-4)[Fuc(a1-6)]GlcNAc(b1-Sp24
497,Neu5Ac(a2-3)Gal(b1-4)GlcNAc(b1-2)Man(a1-6)[Neu5Ac(a2-3)Gal(b1-4)GlcNAc(b1-2)Man(a1-3)]Man(b1-4)GlcNAc(b1-4)[Fuc(a1-6)]GlcNAc(b1-Sp24
498,Man(a1-6)[Man(a1-3)]Man(b1-4)GlcNAc(b1-4)[Fuc(a1-6)]GlcNAc(b1-Sp19
499,Gal(b1-4)GlcNAc(b1-6)[Gal(b1-4)GlcNAc(b1-2)]Man(a1-6)[Gal(b1-4)GlcNAc(b1-2)Man(a1-3)]Man(b1-4)GlcNAc(b1-4)[Fuc(a1-6)]GlcNAc(b1-Sp24
500,Neu5Ac(a2-3)Gal(b1-3)GlcNAc(b1-2)Man(a1-6)[GlcNAc(b1-4)][Neu5Ac(a2-3)Gal(b1-3)GlcNAc(b1-2)Man(a1-3)]Man(b1-4)GlcNAc(b1-4)GlcNAc(b1-Sp21
501,Neu5Ac(a2-6)Gal(b1-4)GlcNAc(b1-6)[Fuc(a1-2)Gal(b1-4)[Fuc(a1-3)]GlcNAc(b1-3)]Gal(b1-4)Glc(b1-Sp21
502,Gal(b1-3)GlcNAc(b1-6)GalNAc(a1-Sp14
503,Gal(a1-3)Gal(b1-3)GlcNAc(b1-6)GalNAc(a1-Sp14
504,Gal(b1-3)[Fuc(a1-4)]GlcNAc(b1-6)GalNAc(a1-Sp14
505,Neu5Ac(a2-3)Gal(b1-3)GlcNAc(b1-6)GalNAc(a1-Sp14
506,(3S)Gal(b1-3)[Fuc(a1-4)]GlcNAc(b1-Sp0
507,Gal(b1-4)[Fuc(a1-3)]GlcNAc(b1-6)[Neu5Ac(a2-6)[Neu5Ac(a2-3)Gal(b1-3)]GlcNAc(b1-3)]Gal(b1-4)Glc(b1-Sp21
508,Fuc(a1-2)Gal(b1-4)GlcNAc(b1-6)GalNAc(a1-Sp14
509,Gal(a1-3)Gal(b1-4)GlcNAc(b1-6)GalNAc(a1-Sp14
510,Gal(b1-4)[Fuc(a1-3)]GlcNAc(b1-2)Man(a1-Sp0
511,Fuc(a1-2)(6S)Gal(b1-3)GlcNAc(b1-Sp0
512,Gal(a1-3)[Fuc(a1-2)]Gal(b1-4)GlcNAc(b1-6)GalNAc(a1-Sp14
513,Fuc(a1-2)Gal(b1-4)GlcNAc(b1-2)Man(a1-Sp0
514,Fuc(a1-2)Gal(b1-3)(6S)GlcNAc(b1-Sp0
515,Fuc(a1-2)(6S)Gal(b1-3)(6S)GlcNAc(b1-Sp0
516,Neu5Ac(a2-6)GalNAc(b1-4)(6S)GlcNAc(b1-Sp8
517,GalNAc(b1-4)[Fuc(a1-3)](6S)GlcNAc(b1-Sp8
518,(3S)GalNAc(b1-4)[Fuc(a1-3)]GlcNAc(b1-Sp8
519,Fuc(a1-2)Gal(b1-3)GlcNAc(b1-6)[Fuc(a1-2)Gal(b1-3)GlcNAc(b1-3)]GalNAc(a1-Sp14
520,GalNAc(a1-3)[Fuc(a1-2)]Gal(b1-3)GlcNAc(b1-6)GalNAc(a1-Sp14
521,GlcNAc(b1-6)[GlcNAc(b1-2)]Man(a1-6)[GlcNAc(b1-4)][GlcNAc(b1-4)[GlcNAc(b1-2)]Man(a1-3)]Man(b1-4)GlcNAc(b1-4)[Fuc(a1-6)]GlcNAc(b1-Sp21
522,Gal(b1-4)GlcNAc(b1-6)[Gal(b1-4)GlcNAc(b1-2)]Man(a1-6)[GlcNAc(b1-4)]Gal(b1-4)GlcNAc(b1-4)[Gal (b1-4)GlcNAc(b1-2)]Man(a1-3)]Man(b1-4)GlcNAc(b1-4)[Fuc(a1-6)]GlcNAc(b1-Sp21
523,Gal(b1-3)GlcNAc(a1-3)Gal(b1-4)GlcNAc(b1-Sp8 
524,Gal(b1-3)(6S)GlcNAc(b1-Sp8
525,(6S)(4S)GalNAc(b1-4)GlcNAc(c1-Sp8
526,(6S)GalNAc(b1-4)GlcNAc(c1-Sp8
527,(3S)GalNAc(b1-4)(3S)GlcNAc(1-Sp8
528,GalNAc(b1-4)(6S)GlcNAc(c1-Sp8
529,(3S)GalNAc(b1-4)GlcNAc(c1-Sp8
530,[4S]GalNac(b1-Sp10
531,Gal(b1-4)(6P)GlcNAc(b1-Sp0
532,(6P)Gal(b1-4)GlcNAc(b1-Sp0
533,GalNAc(a1-3)[Fuc(a1-2)]Gal(b1-4)GlcNAc(b1-6)GalNAc(b1-Sp14
534,Neu5Ac(a2-6)Gal(b1-4)GlcNAc(b1-2)Man(b1-Sp0
535,Gal(a1-3)Gal(b1-4)GlcNAc(b1-2)Man(a1-Sp0
536,Gal(a1-3)[Fuc(a1-2)]Gal(b1-4)GlcNAc(b1-2)Man(a1-Sp0
537,GalNAc(a1-3)[Fuc(a1-2)]Gal(b1-4) GlcNAc(b1-2)Man(a1-Sp0
538, Gal(b1-3)GlcNAc(b1-2)Man(a1-Sp0
539,Gal(a1-3)[Fuc(a1-2)]Gal(b1-3)GlcNAc(b1-6)GalNAc(b1-Sp14
540,Neu5Ac(a2-3)Gal(b1-3)GlcNAc(b1-2)Man(a1-Sp0
541,Gal(a1-3)Gal(b1-3)GlcNAc(b1-2)Man(a1-Sp0
542,GalNAc(b1-4)GlcNAc(b1-2)Man(a1-Sp0
543,Neu5Ac(a2-3)Gal(b1-3)GlcNAc(b1-4)Gal(b1-4)Glc(b1-Sp0
544,GlcNAc(b1-2)Man(a1-6)[GlcNAc(b1-4)][GlcNAc(b1-2)Man(a1-3)]Man(b1-4)GlcNAc(b1-4)[Fuc(a1-6)]GlcNAc(b1-Sp21
545,Gal(b1-4)GlcNAc(b1-2) Man(a1-6)[GlcNAc(b1-4)][Gal(b1-4)GlcNAc(b1-2)Man(a1-3)]Man(b1-4)GlcNAc(b1-4)[Fuc(a1-6)]GlcNA(c1-Sp21
546,Gal(b1-4)GlcNAc(b1-2) Man(a1-6)[Gal(b1-4)GlcNAc(b1-4)][Gal(b1-4)GlcNAc(b1-2)Man(a1-3)]Man(b1-4)GlcNAc(b1-4)[Fuc(a1-6)]GlcNA(c1-Sp21
547,Fuc(a1-4)[Gal(b1-3)]GlcNAc(b1-2)Man(a1-Sp0
548,Neu5Ac(a2-3)Gal(b1-4)[Fuc(a1-3)]GlcNAc(b1-2)Man(a1-Sp0
549,GlcNAc(b1-3)Gal(b1-4)GlcNAc(b1-6)[GlcNAc(b1-3)]Gal(b1-4)GlcNAc(b1-Sp0
550,GalNAc(a1-3)[Fuc(a1-2)]Gal(b1-3)GalNAc(b1-3)Gal(a1-4)Gal(b1-4)Glc(b1-Sp21
551,Gal(a1-3)[Fuc(a1-2)]Gal(b1-3)GalNAc(b1-3)Gal(a1-4)Gal(b1-4)Glc(b1-Sp21
552,Gal(b1-3)GalNAc(b1-3)Gal(b1-Sp21
553,GlcNAc(b1-3)Gal(b1-4)GlcNAc(b1-2)Man(a1-6)[GlcNAc(b1-3)Gal(b1-4)GlcNAc(b1-2)Man(a1-3)]Man(b1-4)GlcNAc(b1-4)GlcNAc(b1-Sp12
554,GlcNAc(b1-3)Gal(b1-4)GlcNAc(b1-2)Man(a1-6)[GlcNAc(b1-3)Gal(b1-4)GlcNAc(b1-2)Man(a1-3)]Man(b1-4)GlcNAc(b1-4)GlcNAc(b1-Sp25
555,Gal(b1-4)GlcNAc(b1-3)Gal(b1-4)GlcNAc(b1-2)Man(a1-6)[Gal(b1-4)GlcNAc(b1-3)Gal(b1-4)GlcNAc(b1-2)Man(a1-3)]Man(b1-4)GlcNAc(b1-4)GlcNAc(b1-Sp12
556,Gal(b1-4)GlcNAc(b1-3)Gal(b1-4)GlcNAc(b1-2)Man(a1-6)[Gal(b1-4)GlcNAc(b1-3)Gal(b1-4)GlcNAc(b1-2)Man(a1-3)]Man(b1-4)GlcNAc(b1-4)GlcNAc(b1-Sp24
557,Neu5Gc(a2-3)Gal(b1-4)GlcNAc(b1-3)Gal(b1-4)GlcNAc(b1-2)Man(a1-6)[Neu5Gc(a2-3)Gal(b1-4)GlcNAc(b1-3)Gal(b1-4)GlcNAc(b1-2)Man(a1-3)]Man(b1-4)GlcNAc(b1-4)GlcNAc(b1-Sp24
558,Fuc(a1-2)Gal(b1-4)GlcNAc(b1-3)Gal(b1-4)GlcNAc(b1-2)Man(a1-6)[Fuc(a1-2)Gal(b1-4)GlcNAc(b1-3)Gal(b1-4)GlcNAc(b1-2)Man(a1-3)]Man(b1-4)GlcNAc(b1-4)GlcNAc(b1-Sp24
559,GlcNAc(b1-3)Gal(b1-4)GlcNAc(b1-3)Gal(b1-4)GlcNAc(b1-2)Man(a1-6)[GlcNAc(b1-3)Gal(b1-4)GlcNAc(b1-3)Gal(b1-4)GlcNAc(b1-2)Man(a1-3)]Man(b1-4)GlcNAc(b1-4)GlcNAc(b1-Sp12
560,GlcNAc(b1-3)Gal(b1-4)GlcNAc(b1-3)Gal(b1-4)GlcNAc(b1-2)Man(a1-6)[GlcNAc(b1-3)Gal(b1-4)GlcNAc(b1-3)Gal(b1-4)GlcNAc(b1-2)Man(a1-3)]Man(b1-4)GlcNAc(b1-4)GlcNAc(b1-Sp25
561,Gal(b1-4)GlcNAc(b1-3)Gal(b1-4)GlcNAc(b1-3)Gal(b1-4)GlcNAc(b1-2)Man(a1-6)[Gal(b1-4)GlcNAc(b1-3)Gal(b1-4)GlcNAc(b1-3)Gal(b1-4)GlcNAc(b1-2)Man(a1-3)]Man(b1-4)GlcNAc(b1-4)GlcNAc(b1-Sp12
562,Gal(b1-4)GlcNAc(b1-3)Gal(b1-4)GlcNAc(b1-3)Gal(b1-4)GlcNAc(b1-2)Man(a1-6)[Gal(b1-4)GlcNAc(b1-3)Gal(b1-4)GlcNAc(b1-3)Gal(b1-4)GlcNAc(b1-2)Man(a1-3)]Man(b1-4)GlcNAc(b1-4)GlcNAc(b1-Sp24
563,GlcNAc(b1-3)Gal(b1-4)GlcNAc(b1-3)Gal(b1-4)GlcNAc(b1-3)Gal(b1-4)GlcNAc(b1-2)Man(a1-6)[GlcNAc(b1-3)Gal(b1-4)GlcNAc(b1-3)Gal(b1-4)GlcNAc(b1-3)Gal(b1-4)GlcNAc(b1-2)Man(a1-3)]Man(b1-4)GlcNAc(b1-4)GlcNAc(b1-Sp25
564,Gal(b1-4)GlcNAc(b1-3)Gal(b1-4)GlcNAc(b1-3)Gal(b1-4)GlcNAc(b1-3)Gal(b1-4)GlcNAc(b1-2)Man(a1-6)[Gal(b1-4)GlcNAc(b1-3)Gal(b1-4)GlcNAc(b1-3)Gal(b1-4)GlcNAc(b1-3)Gal(b1-4)GlcNAc(b1-2)Man(a1-3)]Man(b1-4)GlcNAc(b1-4)GlcNAc(b1-Sp25
565,Gal(b1-3)GlcNAc(b1-3)Gal(b1-4)GlcNAc(b1-2)Man(a1-6)[Gal(b1-3)GlcNAc(b1-3)Gal(b1-4)GlcNAc(b1-2)Man(a1-3)]Man(b1-4)GlcNAc(b1-4)GlcNAc(b1-Sp25
566,Neu5Gc(a2-8)Neu5Gc(a2-3)Gal(b1-4)GlcNAc(b1-Sp0
567,Neu5Ac(a2-8)Neu5Gc(a2-3)Gal(b1-4)GlcNAc(b1-Sp0
568,Neu5Gc(a2-8)Neu5Ac(a2-3)Gal(b1-4)GlcNAc(b1-Sp0
569,Neu5Gc(a2-8)Neu5Gc(a2-3)Gal(b1-4)GlcNAc(b1-3)Gal(b1-4)GlcNAc(b1-Sp0
570,Neu5Gc(a2-8)Neu5Gc(a2-6)Gal(b1-4)GlcNAc(b1-Sp0
571,Neu5Ac(a2-8)Neu5Ac(a2-3)Gal(b1-4)GlcNAc(b1-Sp0
572,GlcNAc(b1-3)Gal(b1-4)GlcNAc(b1-6)[GlcNAc(b1-3)Gal(b1-4)GlcNAc(b1-2)]Man(a1-6)[GlcNAc(b1-3)Gal(b1-4)GlcNAc(b1-2)]Man (a1-3)]Man(b1-4)GlcNAc(b1-4)GlcNA(c1-Sp24
573,Gal(b1-4)GlcNAc(b1-3)Gal(b1-4)GlcNAc(b1-6)[Gal(b1-4)GlcNAc(b1-3)Gal(b1-4)GlcNAc(b1-2)]Man(a1-6)[Gal(b1-4)GlcNAc(b1-3)Gal(b1-4)GlcNAc(b1-2)Man(a1-3)]Man(a1-4)GlcNAc(b1-4)GlcNAc(b1-Sp24
574,Gal(a1-3)Gal(b1-4)GlcNAc(b1-2)Man(a1-6)[Gal(a1-3)Gal(b1-4)GlcNAc(b1-2)Man(a1-3)]Man(b1-4)GlcNAc(b1-4)GlcNAc(b1-Sp24
575,GlcNAc(b1-3)Gal(b1-4)GlcNAc(b1-6)[GlcNAc(b1-3)Gal(b1-3)]GalNAc(a1-Sp14
576,GalNAc(b1-3)GlcNAc(b1-Sp0 
577,GalNAc(b1-4)GlcNAc(b1-3)GalNAc(b1-4)GlcNAc(b1-Sp0 
578,GlcNAc(b1-3)Gal(b1-4)GlcNAc(b1-3)Gal(b1-4)GlcNAc(b1-3)Gal(b1-4)GlcNAc(b1-3)Gal(b1-4)GlcNAc(b1-2)Man(a1-6)[GlcNAc(b1-3)Gal(b1-4)GlcNAc(b1-3)Gal(b1-4)GlcNAc(b1-3)Gal(b1-4)GlcNAc(b1-3)Gal(b1-4)GlcNAc(b1-2)Man(a1-3)]Man(b1-4)GlcNAc(b1-4)GlcNAc(b1-Sp25
579,Gal(b1-4)GlcNAc(b1-3)Gal(b1-4)GlcNAc(b1-3)Gal(b1-4)GlcNAc(b1-3)Gal(b1-4)GlcNAc(b1-3)Gal(b1-4)GlcNAc(b1-2)Man(a1-6)[Gal(b1-4)GlcNAc(b1-3)Gal(b1-4)GlcNAc(b1-3)Gal(b1-4)GlcNAc(b1-3)Gal(b1-4)GlcNAc(b1-3)Gal(b1-4)GlcNAc(b1-2)Man(a1-3)]Man(b1-4)GlcNAc(b1-4)GlcNAc(b1-Sp25
580,GlcNAc(b1-3)Gal(b1-3)GalNAc(b1-Sp14
581,Gal(b1-3)GlcNAc(b1-6)[Gal(b1-3)]GalNAc(b1-Sp14
582,Gal(b1-4)GlcNAc(b1-3)Gal(b1-4)GlcNAc(b1-3)Gal(b1-4)GlcNAc(b1-3)Gal(b1-4)GlcNAc(b1-3)Gal(b1-4)GlcNAc(b1-3)Gal(b1-4)GlcNAc(b1-2)Man(a1-6)[Gal(b1-4)GlcNAc(b1-3)Gal(b1-4)GlcNAc(b1-3)Gal(b1-4)GlcNAc(b1-3)Gal(b1-4)GlcNAc(b1-3)Gal(b1-4)GlcNAc(b1-3)Gal(b1-4)GlcNAc(b1-2)Man(a1-3)]Man(b1-4)GlcNAc(b1-4)GlcNAc(b1-Sp25
583,(3S)GlcA(b1-3)Gal(b1-4)GlcNAc(b1-3)Gal(b1-4)Glc(1-Sp0
584,(3S)GlcA(b1-3)Gal(b1-4)GlcNAc(b1-2)Man(a1-Sp0
585,Gal(b1-3)GlcNAc(b1-3)Gal(b1-4)GlcNAc(b1-3)Gal(b1-4)GlcNAc(b1-6)[Gal(b1-3)GlcNAc(b1-3)Gal(b1-4)GlcNAc(b1-3)Gal(b1-4)GlcNAc(b1-2)]Man(a1-6)[Gal(b1-3)GlcNAc(b1-3)Gal(b1-4)GlcNAc(b1-3)Gal(b1-4)GlcNAc(b1-2)Man(a1-3)]Man(b1-4)GlcNAc(b1-4)[Fuc(a1-6)]GlcNAc(b1-Sp24
586,Gal(b1-3)GlcNAc(b1-3)Gal(b1-4)GlcNAc(b1-6)[Gal(b1-3)GlcNAc(b1-3)Gal(b1-4)GlcNAc(b1-2)]Man(a1-6)[Gal(b1-3)GlcNAc(b1-3)Gal(b1-4)GlcNAc(b1-2)Man(a1-3)]Man(b1-4)GlcNAc(b1-4)[Fuc(a1-6)]GlcNAc(b1-Sp24
587,Neu5Ac(a2-8)Neu5Ac(a2-3)Gal(b1-3)GalNAc(b1-4)[Neu5Ac(a2-3)]Gal(b1-4)Glc(b1-Sp21
588,GlcNAc(b1-3)Gal(b1-4)GlcNAc(b1-2)Man(a1-6)[GlcNAc(b1-3)Gal(b1-4)GlcNAc(b1-2)Man(a1-3)]Man(b1-4)GlcNAc(b1-4)[Fuc(a1-6)]GlcNAc(b1-Sp24
589,Gal(b1-4)GlcNAc(b1-3)Gal(b1-4)GlcNAc(b1-2)Man(a1-6)[Gal(b1-4)GlcNAc(b1-3)Gal(b1-4)GlcNAc(b1-2)Man(a1-3)]Man(b1-4)GlcNAc(b1-4)[Fuc(a1-6)]GlcNAc(b1-Sp24
590,GlcNAc(b1-3)Gal(b1-4)GlcNAc(b1-3)Gal(b1-4)GlcNAc(b1-2)Man(a1-6)[GlcNAc(b1-3)Gal(b1-4)GlcNAc(b1-3)Gal(b1-4)GlcNAc(b1-2)Man(a1-3)]Man(b1-4)GlcNAc(b1-4)[Fuc(a1-6)]GlcNAc(b1-Sp24
591,Gal(b1-4)GlcNAc(b1-3)Gal(b1-4)GlcNAc(b1-3)Gal(b1-4)GlcNAc(b1-2)Man(a1-6)[Gal(b1-4)GlcNAc(b1-3)Gal(b1-4)GlcNAc(b1-3)Gal(b1-4)GlcNAc(b1-2)Man(a1-3)]Man(b1-4)GlcNAc(b1-4)[Fuc(a1-6)]GlcNAc(b1-Sp24
592,GlcNAc(b1-3)Gal(b1-4)GlcNAc(b1-3)Gal(b1-4)GlcNAc(b1-3)Gal(b1-4)GlcNAc(b1-2)Man(a1-6)[GlcNAc(b1-3)Gal(b1-4)GlcNAc(b1-3)Gal(b1-4)GlcNAc(b1-3)Gal(b1-4)GlcNAc(b1-2)Man(a1-3)]Man(b1-4)GlcNAc(b1-4)[Fuc(a1-6)]GlcNAc(b1-Sp24
593,Gal(b1-4)GlcNAc(b1-3)Gal(b1-4)GlcNAc(b1-3)Gal(b1-4)GlcNAc(b1-3)Gal(b1-4)GlcNAc(b1-2)Man(a1-6)[Gal(b1-4)GlcNAc(b1-3)Gal(b1-4)GlcNAc(b1-3)Gal(b1-4)GlcNAc(b1-3)Gal(b1-4)GlcNAc(b1-2)Man(a1-3)]Man(b1-4)GlcNAc(b1-4)[Fuc(a1-6)]GlcNAc(b1-Sp24
594,GlcNAc(b1-3)Gal(b1-4)GlcNAc(b1-3)Gal(b1-4)GlcNAc(b1-3)Gal(b1-4)GlcNAc(b1-3)Gal(b1-4)GlcNAc(b1-2)Man(a1-6)[GlcNAc(b1-3)Gal(b1-4)GlcNAc(b1-3)Gal(b1-4)GlcNAc(b1-3)Gal(b1-4)GlcNAc(b1-3)Gal(b1-4)GlcNAc(b1-2)Man(a1-3)]Man(b1-4)GlcNAc(b1-4)[Fuc(a1-6)]GlcNAc(b1-Sp19
595,Gal(b1-4)GlcNAc(b1-3)Gal(b1-4)GlcNAc(b1-3)Gal(b1-4)GlcNAc(b1-3)Gal(b1-4)GlcNAc(b1-3)Gal(b1-4)GlcNAc(b1-2)Man(a1-6)[Gal(b1-4)GlcNAc(b1-3)Gal(b1-4)GlcNAc(b1-3)Gal(b1-4)GlcNAc(b1-3)Gal(b1-4)GlcNAc(b1-3)Gal(b1-4)GlcNAc(b1-2)Man(a1-3)]Man(b1-4)GlcNAc(b1-4)[Fuc(a1-6)]GlcNAc(b1-Sp19
596,Gal(b1-4)GlcNAc(b1-3)Gal(b1-4)GlcNAc(b1-6)[Gal(b1-4)GlcNAc(b1-3)Gal(b1-4)GlcNAc(b1-2)]Man(a1-6)[Gal(b1-4)GlcNAc(b1-3)Gal(b1-4)GlcNAc(b1-2)Man(a1-3)]Man(b1-4)GlcNAc(b1-4)[Fuc(a1-6)]GlcNAc(b1-Sp24
597,GlcNAc(b1-3)Gal(b1-4)GlcNAc(b1-3)Gal(b1-4)GlcNAc(b1-6)[GlcNAc(b1-3)Gal(b1-4)GlcNAc(b1-3)Gal(b1-4)GlcNAc(b1-2)]Man(a1-6)[GlcNAc(b1-3)Gal(b1-4)GlcNAc(b1-3)Gal(b1-4)GlcNAc(b1-2)Man(a1-3)]Man(b1-4)GlcNAc(b1-4)[Fuc(a1-6)]GlcNAc(b1-Sp24
598,Gal(b1-4)GlcNAc(b1-3)Gal(b1-4)GlcNAc(b1-3)Gal(b1-4)GlcNAc(b1-6)[Gal(b1-4)GlcNAc(b1-3)Gal(b1-4)GlcNAc(b1-3)Gal(b1-4)GlcNAc(b1-2)]Man(a1-6)[Gal(b1-4)GlcNAc(b1-3)Gal(b1-4)GlcNAc(b1-3)Gal(b1-4)GlcNAc(b1-2)Man(a1-3)]Man(b1-4)GlcNAc(b1-4)[Fuc(a1-6)]GlcNAc(b1-Sp24
599,GlcNAc(b1-3)Gal(b1-4)GlcNAc(b1-3)Gal(b1-4)GlcNAc(b1-3)Gal(b1-4)GlcNAc(b1-6)[GlcNAc(b1-3)Gal(b1-4)GlcNAc(b1-3)Gal(b1-4)GlcNAc(b1-3)Gal(b1-4)GlcNAc(b1-2)]Man(a1-6)[GlcNAc(b1-3)Gal(b1-4)GlcNAc(b1-3)Gal(b1-4)GlcNAc(b1-3)Gal(b1-4)GlcNAc(b1-2)Man(a1-3)]Man(b1-4)GlcNAc(b1-4)[Fuc(a1-6)]GlcNAc(b1-Sp24
600,Gal(b1-4)GlcNAc(b1-3)Gal(b1-4)GlcNAc(b1-3)Gal(b1-4)GlcNAc(b1-3)Gal(b1-4)GlcNAc(b1-6)[Gal(b1-4)GlcNAc(b1-3)Gal(b1-4)GlcNAc(b1-3)Gal(b1-4)GlcNAc(b1-3)Gal(b1-4)GlcNAc(b1-2)]Man(a1-6)[Gal(b1-4)GlcNAc(b1-3)Gal(b1-4)GlcNAc(b1-3)Gal(b1-4)GlcNAc(b1-3)Gal(b1-4)GlcNAc(b1-2)Man(a1-3)]Man(b1-4)GlcNAc(b1-4)[Fuc(a1-6)]GlcNAc(b1-Sp24
601,GlcNAc(b1-3)Gal(b1-4)GlcNAc(b1-3)Gal(b1-4)GlcNAc(b1-3)Gal(b1-4)GlcNAc(b1-3)Gal(b1-4)GlcNAc(b1-6)[GlcNAc(b1-3)Gal(b1-4)GlcNAc(b1-3)Gal(b1-4)GlcNAc(b1-3)Gal(b1-4)GlcNAc(b1-3)Gal(b1-4)GlcNAc(b1-2)]Man(a1-6)[GlcNAc(b1-3)Gal(b1-4)GlcNAc(b1-3)Gal(b1-4)GlcNAc(b1-3)Gal(b1-4)GlcNAc(b1-3)Gal(b1-4)GlcNAc(b1-2)Man(a1-3)]Man(b1-4)GlcNAc(b1-4)[Fuc(a1-6)]GlcNAc(b1-Sp24
602,Gal(b1-4)GlcNAc(b1-3)Gal(b1-4)GlcNAc(b1-3)Gal(b1-4)GlcNAc(b1-3)Gal(b1-4)GlcNAc(b1-3)Gal(b1-4)GlcNAc(b1-6)[Gal(b1-4)GlcNAc(b1-3)Gal(b1-4)GlcNAc(b1-3)Gal(b1-4)GlcNAc(b1-3)Gal(b1-4)GlcNAc(b1-3)Gal(b1-4)GlcNAc(b1-2)]Man(a1-6)[Gal(b1-4)GlcNAc(b1-3)Gal(b1-4)GlcNAc(b1-3)Gal(b1-4)GlcNAc(b1-3)Gal(b1-4)GlcNAc(b1-3)Gal(b1-4)GlcNAc(b1-2)Man(a1-3)]Man(b1-4)GlcNAc(b1-4)[Fuc(a1-6)]GlcNAc(b1-Sp24
603,Gal(b1-4)GlcNAc(b1-3)Gal(b1-4)GlcNAc(b1-3)GalNAc(a1-Sp14
604,Gal(b1-4)GlcNAc(b1-3)Gal(b1-4)GlcNAc(b1-6)[Gal(b1-3)]GalNAc(a1-Sp14
605,Gal(b1-4)GlcNAc(b1-3)Gal(b1-4)GlcNAc(b1-6)[Gal(b1-4)GlcNAc(b1-3)Gal(b1-4)GlcNAc(b1-3)]GalNAc(a1-Sp14
606,Neu5Ac(a2-3)Gal(b1-4)GlcNAc(b1-3)Gal(b1-4)GlcNAc(b1-3)GalNAc(a1-Sp14
607,GlcNAc(b1-3)Gal(b1-4)GlcNAc(b1-3)GalNAc(a1-Sp14
608,GlcNAc(b1-3)Gal(b1-4)GlcNAc(b1-6)[Gal(b1-3)]GalNAc(a1-Sp14
609,GlcNAc(b1-3)Gal(b1-4)GlcNAc(b1-6)[GlcNAc(b1-3)Gal(b1-4)GlcNAc(b1-3)]GalNAc(a1-Sp14
610,Neu5Ac(a2-3)Gal(b1-4)GlcNAc(b1-3)Gal(b1-4)GlcNAc(b1-6)[Neu5Ac(a2-3)Gal(b1-4)GlcNAc(b1-3)Gal(b1-4)GlcNAc(b1-3)]GalNAc(a1-Sp14
611,Neu5Ac(a2-6)Gal(b1-4)GlcNAc(b1-3)Gal(b1-4)GlcNAc(b1-3)GalNAc(a1-Sp14
612,GlcNAc(b1-3)Gal(b1-4)GlcNAc(b1-3)Gal(b1-4)GlcNAc(b1-3)GalNAc(a1-Sp14
613,Gal(b1-4)GlcNAc(b1-3)Gal(b1-3)GalNAc(a1-Sp14
614,Neu5Ac(a2-3)Gal(b1-4)GlcNAc(b1-3)Gal(b1-4)GlcNAc(b1-6)[Gal(b1-3)]GalNAc(a1-Sp14
615,Neu5Ac(a2-6)Gal(b1-4)GlcNAc(b1-3)Gal(b1-4)GlcNAc(b1-6)[Gal(b1-3)]GalNAc(a1-Sp14
616,Neu5Ac(a2-6)Gal(b1-4)GlcNAc(b1-6)[Gal(b1-3)]GalNAc(a1-Sp14
617,Neu5Ac(a2-3)Gal(b1-4)GlcNAc(b1-3)Gal(b1-4)GlcNAc(b1-2)Man(a1-6)[Neu5Ac(a2-3)Gal(b1-4)GlcNAc(b1-3)Gal(b1-4)GlcNAc(b1-2)Man(a1-3)]Man(b1-4)GlcNAc(b1-4)GlcNAc(b1-Sp12
618,GlcNAc(b1-6)[Neu5Ac(a2-3)Gal(b1-3)]GalNAc(a1-Sp14
619,Neu5Ac(a2-6)Gal(b1-4)GlcNAc(b1-3)Gal(b1-4)GlcNAc(b1-6)[Neu5Ac(a2-6)Gal(b1-4)GlcNAc(b1-3)Gal(b1-4)GlcNAc(b1-3)]GalNAc(a1-Sp14
620,Neu5Ac(a2-6)Gal(b1-4)GlcNAc(b1-3)Gal(b1-4)GlcNAc(b1-3)Gal(b1-4)GlcNAc(b1-2)Man(a1-6)[Neu5Ac(a2-6)Gal(b1-4)GlcNAc(b1-3)Gal(b1-4)GlcNAc(b1-3)Gal(b1-4)GlcNAc(b1-2)Man(a1-3)]Man(b1-4)GlcNAc(b1-4)GlcNAc(b1-Sp12
621,Neu5Ac(a2-3)Gal(b1-4)GlcNAc(b1-3)Gal(b1-4)GlcNAc(b1-3)Gal(b1-4)GlcNAc(b1-2)Man(a1-6)[Neu5Ac(a2-3)Gal(b1-4)GlcNAc(b1-3)Gal(b1-4)GlcNAc(b1-3)Gal(b1-4)GlcNAc(b1-2)Man(a1-3)]Man(b1-4)GlcNAc(b1-4)GlcNAc(b1-Sp12
622,Neu5Ac(a2-6)Gal(b1-4)GlcNAc(b1-3)Gal(b1-4)GlcNAc(b1-2)Man(a1-6)[Neu5Ac(a2-6)Gal(b1-4)GlcNAc(b1-3)Gal(b1-4)GlcNAc(b1-2)Man(a1-3)]Man(b1-4)GlcNAc(b1-4)GlcNAc(b1-Sp12
623,GlcNAc(b1-3)Fuc(a1-Sp21
624,Gal(b1-3)GalNAc(b1-4)[Neu5Ac(a2-8)Neu5Ac(a2-8)Neu5Ac(a2-3)]Gal(b1-4)Glc(b1-Sp21